side,setup_type,bridge_type,setup_tier,entry_variant,planned_entry_price,planned_stop_price,planned_target_price,partial_target_price,runner_target_price,stop_points,tp_points,planned_rr,entry_price,exit_price,realized_points,realized_dollars_5_mnq,return_pct,pnl,cycle_realized_pnl,best_day_pnl_in_cycle,consistency_ratio,qualifying_days_count,prop_daily_loss_limit,prop_max_drawdown_limit,prop_qualifying_day_target,entry_time_et,exit_time_et,entry_apex_session_date,exit_apex_session_date,calendar_exit_date_et,entry_time_et_naive,exit_time_et_naive,entry_month_et,exit_month_et,realized_dollars_10_mnq,report_contracts,realized_dollars_dynamic_contracts
LONG,ASIA_CONTINUATION,iFVG,B,PULLBACK_1M,19094.75,19069.75,19176.0,19117.25,19176.0,25.0,81.25,3.25,19094.75,19069.75,-25.0,-250.0,-0.001309260398800749,-125.0,-125.0,0.0,0.0,,-1000.0,-2000.0,,2025-04-13 21:47:00-04:00,2025-04-13 22:00:00-04:00,2025-04-13,2025-04-13,2025-04-13,2025-04-13 21:47:00,2025-04-13 22:00:00,2025-04,2025-04,-500.0,5,-125.0
LONG,ASIA_CONTINUATION,iFVG,B,PULLBACK_1M,18741.25,18715.0,18821.25,18762.5,18821.25,26.25,80.0,3.0476190476190474,18742.25,18715.0,-27.25,-272.5,-0.0014539342928410193,-136.25,-261.25,0.0,0.0,,-1000.0,-2000.0,,2025-04-22 22:43:00-04:00,2025-04-22 23:11:00-04:00,2025-04-22,2025-04-22,2025-04-22,2025-04-22 22:43:00,2025-04-22 23:11:00,2025-04,2025-04,-545.0,5,-136.25
LONG,LONDON_CONTINUATION,iFVG,B,PULLBACK_1M,18895.25,18861.5,19165.5,18909.0,19165.5,33.75,270.25,8.007407407407408,18895.0,18861.5,-33.5,-335.0,-0.0017729558084149666,-167.5,-428.75,0.0,0.0,,-1000.0,-2000.0,,2025-04-23 03:37:00-04:00,2025-04-23 03:59:00-04:00,2025-04-22,2025-04-22,2025-04-23,2025-04-23 03:37:00,2025-04-23 03:59:00,2025-04,2025-04,-670.0,5,-167.5
LONG,NYPM_CONTINUATION,iFVG,A,PULLBACK_1M,19508.25,19478.470535714285,19623.0,19535.051517857144,19623.0,29.77946428571522,114.75,3.8533265373428467,19497.5,19526.5,29.0,290.0,0.0014873701756634716,29.0,-399.75,29.0,0.07254534083802376,,-1000.0,-2000.0,,2025-04-28 15:05:00-04:00,2025-04-28 15:55:00-04:00,2025-04-27,2025-04-27,2025-04-28,2025-04-28 15:05:00,2025-04-28 15:55:00,2025-04,2025-04,580.0,5,29.0
LONG,NYPM_CONTINUATION,iFVG,A,PULLBACK_1M,19508.25,19478.470535714285,19623.0,19535.051517857144,19623.0,29.77946428571522,114.75,3.8533265373428467,19497.5,19557.5,60.0,600.0,0.003077317604821106,240.0,-159.75,269.0,1.6838810641627544,,-1000.0,-2000.0,,2025-04-28 15:05:00-04:00,2025-04-28 16:56:00-04:00,2025-04-27,2025-04-27,2025-04-28,2025-04-28 15:05:00,2025-04-28 16:56:00,2025-04,2025-04,1200.0,5,240.0
LONG,ASIA_CONTINUATION,C2C3,B,PULLBACK_1M,19544.0,19519.0,19625.25,19566.5,19625.25,25.0,81.25,3.25,19538.5,19564.25,25.75,257.5,0.0013179107915142207,25.75,-134.0,294.75,2.199626865671642,,-1000.0,-2000.0,,2025-04-28 22:07:00-04:00,2025-04-28 22:44:00-04:00,2025-04-28,2025-04-28,2025-04-28,2025-04-28 22:07:00,2025-04-28 22:44:00,2025-04,2025-04,515.0,5,25.75
LONG,ASIA_CONTINUATION,C2C3,B,PULLBACK_1M,19544.0,19519.0,19625.25,19566.5,19625.25,25.0,81.25,3.25,19538.5,19538.5,0.0,0.0,0.0,0.0,-134.0,294.75,2.199626865671642,,-1000.0,-2000.0,,2025-04-28 22:07:00-04:00,2025-04-29 02:33:00-04:00,2025-04-28,2025-04-28,2025-04-29,2025-04-28 22:07:00,2025-04-29 02:33:00,2025-04,2025-04,0.0,5,0.0
LONG,ASIA_CONTINUATION,iFVG,B,PULLBACK_1M,19564.5,19539.5,19688.5,19587.0,19688.5,25.0,124.0,4.96,19563.0,19588.25,25.25,252.5,0.0012907018350969413,25.25,-108.75,294.75,2.7103448275862068,,-1000.0,-2000.0,,2025-04-29 22:58:00-04:00,2025-04-29 23:14:00-04:00,2025-04-29,2025-04-29,2025-04-29,2025-04-29 22:58:00,2025-04-29 23:14:00,2025-04,2025-04,505.0,5,25.25
LONG,ASIA_CONTINUATION,iFVG,B,PULLBACK_1M,19564.5,19539.5,19688.5,19587.0,19688.5,25.0,124.0,4.96,19563.0,19563.0,0.0,0.0,0.0,0.0,-108.75,294.75,2.7103448275862068,,-1000.0,-2000.0,,2025-04-29 22:58:00-04:00,2025-04-30 02:30:00-04:00,2025-04-29,2025-04-29,2025-04-30,2025-04-29 22:58:00,2025-04-30 02:30:00,2025-04,2025-04,0.0,5,0.0
LONG,NYPM_CONTINUATION,MSS,A,PULLBACK_1M,19892.25,19866.0,19976.5,19913.5,19976.5,26.25,84.25,3.2095238095238097,19891.25,19915.5,24.25,242.5,0.0012191290140137756,24.25,-84.5,294.75,3.4881656804733727,,-1000.0,-2000.0,,2025-04-30 14:56:00-04:00,2025-04-30 15:26:00-04:00,2025-04-29,2025-04-29,2025-04-30,2025-04-30 14:56:00,2025-04-30 15:26:00,2025-04,2025-04,485.0,5,24.25
LONG,NYPM_CONTINUATION,MSS,A,PULLBACK_1M,19892.25,19866.0,19976.5,19913.5,19976.5,26.25,84.25,3.2095238095238097,19891.25,19935.0,43.75,437.5,0.0021994595613650247,175.0,90.5,294.75,3.2569060773480665,,-1000.0,-2000.0,,2025-04-30 14:56:00-04:00,2025-04-30 16:56:00-04:00,2025-04-29,2025-04-29,2025-04-30,2025-04-30 14:56:00,2025-04-30 16:56:00,2025-04,2025-04,875.0,5,175.0
LONG,ASIA_CONTINUATION,iFVG,B,PULLBACK_1M,20008.5,19979.5,20125.75,20027.0,20125.75,29.0,117.25,4.043103448275862,20009.5,19979.5,-30.0,-300.0,-0.0014992878382767971,-120.0,-29.5,294.75,9.991525423728813,,-1000.0,-2000.0,,2025-05-01 02:08:00-04:00,2025-05-01 04:30:00-04:00,2025-04-30,2025-04-30,2025-05-01,2025-05-01 02:08:00,2025-05-01 04:30:00,2025-05,2025-05,-600.0,5,-120.0
LONG,ASIA_CONTINUATION,iFVG,B,PULLBACK_1M,20552.5,20527.5,20930.75,20575.0,20930.75,25.0,378.25,15.13,20551.75,20575.0,23.25,232.5,0.0011312905227047754,23.25,-6.25,294.75,47.16,,-1000.0,-2000.0,,2025-05-11 21:44:00-04:00,2025-05-11 22:28:00-04:00,2025-05-11,2025-05-11,2025-05-11,2025-05-11 21:44:00,2025-05-11 22:28:00,2025-05,2025-05,465.0,5,23.25
LONG,ASIA_CONTINUATION,iFVG,B,PULLBACK_1M,20552.5,20527.5,20930.75,20575.0,20930.75,25.0,378.25,15.13,20551.75,20930.75,379.0,3790.0,0.018441251961511806,1137.0,1130.75,1160.25,1.026088879062569,,-1000.0,-2000.0,,2025-05-11 21:44:00-04:00,2025-05-12 02:30:00-04:00,2025-05-11,2025-05-11,2025-05-12,2025-05-11 21:44:00,2025-05-12 02:30:00,2025-05,2025-05,7580.0,5,1137.0
LONG,LONDON_CONTINUATION,C2C3,A,PULLBACK_1M,21352.75,21327.75,21434.0,21375.25,21434.0,25.0,81.25,3.25,21350.25,21327.75,-22.5,-225.0,-0.0010538518284328724,-90.0,1040.75,1160.25,1.1148210425174154,,-1000.0,-2000.0,,2025-05-14 04:07:00-04:00,2025-05-14 04:41:00-04:00,2025-05-13,2025-05-13,2025-05-14,2025-05-14 04:07:00,2025-05-14 04:41:00,2025-05,2025-05,-450.0,5,-90.0
LONG,LONDON_CONTINUATION,C2C3,A,PULLBACK_1M,21455.0,21424.5,21530.75,21472.0,21530.75,30.5,75.75,2.4836065573770494,21454.75,21485.25,30.5,305.0,0.0014215966161339466,30.5,1071.25,1160.25,1.0830805134189032,,-1000.0,-2000.0,,2025-05-16 02:23:00-04:00,2025-05-16 03:27:00-04:00,2025-05-15,2025-05-15,2025-05-16,2025-05-16 02:23:00,2025-05-16 03:27:00,2025-05,2025-05,610.0,5,30.5
LONG,LONDON_CONTINUATION,C2C3,A,PULLBACK_1M,21455.0,21424.5,21530.75,21472.0,21530.75,30.5,75.75,2.4836065573770494,21454.75,21424.5,-30.25,-302.5,-0.0014099441848541838,-90.75,980.5,1160.25,1.1833248342682305,,-1000.0,-2000.0,,2025-05-16 02:23:00-04:00,2025-05-16 05:00:00-04:00,2025-05-15,2025-05-15,2025-05-16,2025-05-16 02:23:00,2025-05-16 05:00:00,2025-05,2025-05,-605.0,5,-90.75
LONG,LONDON_CONTINUATION,iFVG,B,PULLBACK_1M,21463.0,21438.0,21562.25,21485.5,21562.25,25.0,99.25,3.97,21460.75,21438.0,-22.75,-227.5,-0.0010600747876937655,-91.0,889.5,1160.25,1.3043844856661047,,-1000.0,-2000.0,,2025-05-20 02:59:00-04:00,2025-05-20 04:36:00-04:00,2025-05-19,2025-05-19,2025-05-20,2025-05-20 02:59:00,2025-05-20 04:36:00,2025-05,2025-05,-455.0,5,-91.0
LONG,ASIA_CONTINUATION,C2C3,B,PULLBACK_1M,21210.25,21177.5,21283.75,21225.0,21283.75,32.75,73.5,2.2442748091603053,21211.0,21241.75,30.75,307.5,0.0014497194851728068,30.75,920.25,1160.25,1.26079869600652,,-1000.0,-2000.0,,2025-05-25 21:50:00-04:00,2025-05-25 22:30:00-04:00,2025-05-25,2025-05-25,2025-05-25,2025-05-25 21:50:00,2025-05-25 22:30:00,2025-05,2025-05,615.0,5,30.75
LONG,ASIA_CONTINUATION,C2C3,B,PULLBACK_1M,21210.25,21177.5,21283.75,21225.0,21283.75,32.75,73.5,2.2442748091603053,21211.0,21283.75,72.75,727.5,0.003429824147847871,218.25,1138.5,1160.25,1.0191040843214756,,-1000.0,-2000.0,,2025-05-25 21:50:00-04:00,2025-05-26 00:16:00-04:00,2025-05-25,2025-05-25,2025-05-26,2025-05-25 21:50:00,2025-05-26 00:16:00,2025-05,2025-05,1455.0,5,218.25
LONG,LONDON_CONTINUATION,C2C3,A,PULLBACK_1M,21267.0,21242.0,21359.75,21289.5,21359.75,25.0,92.75,3.71,21267.0,21299.5,32.5,325.0,0.001528189213335196,32.5,1171.0,1160.25,0.9908198121263877,,-1000.0,-2000.0,,2025-05-26 03:10:00-04:00,2025-05-26 05:34:00-04:00,2025-05-25,2025-05-25,2025-05-26,2025-05-26 03:10:00,2025-05-26 05:34:00,2025-05,2025-05,650.0,5,32.5
LONG,LONDON_CONTINUATION,C2C3,A,PULLBACK_1M,21267.0,21242.0,21359.75,21289.5,21359.75,25.0,92.75,3.71,21267.0,21242.0,-25.0,-250.0,-0.0011755301641039884,-75.0,1096.0,1160.25,1.0586222627737227,,-1000.0,-2000.0,,2025-05-26 03:10:00-04:00,2025-05-26 06:30:00-04:00,2025-05-25,2025-05-25,2025-05-26,2025-05-26 03:10:00,2025-05-26 06:30:00,2025-05,2025-05,-500.0,5,-75.0
LONG,ASIA_CONTINUATION,iFVG,B,PULLBACK_1M,21333.75,21300.75,21488.5,21348.25,21488.5,33.0,154.75,4.6893939393939394,21333.75,21300.75,-33.0,-330.0,-0.0015468447881877845,-132.0,964.0,1160.25,1.2035788381742738,,-1000.0,-2000.0,,2025-05-27 00:24:00-04:00,2025-05-27 00:50:00-04:00,2025-05-26,2025-05-26,2025-05-27,2025-05-27 00:24:00,2025-05-27 00:50:00,2025-05,2025-05,-660.0,5,-132.0
LONG,LONDON_CONTINUATION,iFVG,B,PULLBACK_1M,21497.0,21469.25,21849.5,21516.75,21849.5,27.75,352.5,12.702702702702704,21496.5,21528.0,31.5,315.0,0.001465354825204157,31.5,995.5,1160.25,1.165494726268207,,-1000.0,-2000.0,,2025-05-28 03:29:00-04:00,2025-05-28 04:24:00-04:00,2025-05-27,2025-05-27,2025-05-28,2025-05-28 03:29:00,2025-05-28 04:24:00,2025-05,2025-05,630.0,5,31.5
LONG,LONDON_CONTINUATION,iFVG,B,PULLBACK_1M,21497.0,21469.25,21849.5,21516.75,21849.5,27.75,352.5,12.702702702702704,21496.5,21496.5,0.0,0.0,0.0,0.0,995.5,1160.25,1.165494726268207,,-1000.0,-2000.0,,2025-05-28 03:29:00-04:00,2025-05-28 05:48:00-04:00,2025-05-27,2025-05-27,2025-05-28,2025-05-28 03:29:00,2025-05-28 05:48:00,2025-05,2025-05,0.0,5,0.0
LONG,ASIA_CONTINUATION,C2C3,B,PULLBACK_1M,21797.0,21772.0,21878.25,21819.5,21878.25,25.0,81.25,3.25,21796.75,21821.25,24.5,245.0,0.0011240207829148474,24.5,1020.0,1160.25,1.1375,,-1000.0,-2000.0,,2025-05-28 20:45:00-04:00,2025-05-28 21:50:00-04:00,2025-05-28,2025-05-28,2025-05-28,2025-05-28 20:45:00,2025-05-28 21:50:00,2025-05,2025-05,490.0,5,24.5
LONG,ASIA_CONTINUATION,C2C3,B,PULLBACK_1M,21797.0,21772.0,21878.25,21819.5,21878.25,25.0,81.25,3.25,21796.75,21772.0,-24.75,-247.5,-0.0011354903827405227,-74.25,945.75,1160.25,1.2268041237113403,,-1000.0,-2000.0,,2025-05-28 20:45:00-04:00,2025-05-28 22:17:00-04:00,2025-05-28,2025-05-28,2025-05-28,2025-05-28 20:45:00,2025-05-28 22:17:00,2025-05,2025-05,-495.0,5,-74.25
LONG,LONDON_CONTINUATION,iFVG,B,PULLBACK_1M,21292.25,21266.75,21525.75,21314.25,21525.75,25.5,233.5,9.156862745098039,21291.75,21266.75,-25.0,-250.0,-0.0011741637019033746,-100.0,845.75,1160.25,1.3718592964824121,,-1000.0,-2000.0,,2025-06-02 04:46:00-04:00,2025-06-02 04:51:00-04:00,2025-06-01,2025-06-01,2025-06-02,2025-06-02 04:46:00,2025-06-02 04:51:00,2025-06,2025-06,-500.0,5,-100.0
LONG,LONDON_CONTINUATION,iFVG,B,PULLBACK_1M,21293.5,21266.75,21525.75,21314.25,21525.75,26.75,232.25,8.682242990654206,21293.25,21266.75,-26.5,-265.0,-0.0012445258473929854,-106.0,739.75,1160.25,1.568435282189929,,-1000.0,-2000.0,,2025-06-02 05:01:00-04:00,2025-06-02 05:05:00-04:00,2025-06-01,2025-06-01,2025-06-02,2025-06-02 05:01:00,2025-06-02 05:05:00,2025-06,2025-06,-530.0,5,-106.0
LONG,ASIA_CONTINUATION,C2C3,B,PULLBACK_1M,21453.75,21428.75,21759.75,21476.25,21759.75,25.0,306.0,12.24,21452.5,21474.75,22.25,222.5,0.0010371751544109298,22.25,762.0,1160.25,1.5226377952755905,,-1000.0,-2000.0,,2025-06-03 01:15:00-04:00,2025-06-03 02:45:00-04:00,2025-06-02,2025-06-02,2025-06-03,2025-06-03 01:15:00,2025-06-03 02:45:00,2025-06,2025-06,445.0,5,22.25
LONG,ASIA_CONTINUATION,C2C3,B,PULLBACK_1M,21453.75,21428.75,21759.75,21476.25,21759.75,25.0,306.0,12.24,21452.5,21711.5,259.0,2590.0,0.012073184943479864,777.0,1539.0,1160.25,0.7538986354775828,,-1000.0,-2000.0,,2025-06-03 01:15:00-04:00,2025-06-03 16:56:00-04:00,2025-06-02,2025-06-02,2025-06-03,2025-06-03 01:15:00,2025-06-03 16:56:00,2025-06,2025-06,5180.0,5,777.0
LONG,ASIA_CONTINUATION,iFVG,B,PULLBACK_1M,21822.5,21787.75,21894.0,21835.25,21894.0,34.75,71.5,2.0575539568345325,21823.5,21787.75,-35.75,-357.5,-0.001638142369464135,-143.0,1396.0,1160.25,0.8311246418338109,,-1000.0,-2000.0,,2025-06-04 23:57:00-04:00,2025-06-05 00:55:00-04:00,2025-06-04,2025-06-04,2025-06-05,2025-06-04 23:57:00,2025-06-05 00:55:00,2025-06,2025-06,-715.0,5,-143.0
LONG,ASIA_CONTINUATION,iFVG,B,PULLBACK_1M,21767.25,21741.5,21873.5,21789.0,21873.5,25.75,106.25,4.12621359223301,21767.0,21791.25,24.25,242.5,0.0011140717600037764,24.25,1420.25,1160.25,0.816933638443936,,-1000.0,-2000.0,,2025-06-08 22:55:00-04:00,2025-06-08 23:51:00-04:00,2025-06-08,2025-06-08,2025-06-08,2025-06-08 22:55:00,2025-06-08 23:51:00,2025-06,2025-06,485.0,5,24.25
LONG,ASIA_CONTINUATION,iFVG,B,PULLBACK_1M,21767.25,21741.5,21873.5,21789.0,21873.5,25.75,106.25,4.12621359223301,21767.0,21767.0,0.0,0.0,0.0,0.0,1420.25,1160.25,0.816933638443936,,-1000.0,-2000.0,,2025-06-08 22:55:00-04:00,2025-06-09 05:35:00-04:00,2025-06-08,2025-06-08,2025-06-09,2025-06-08 22:55:00,2025-06-09 05:35:00,2025-06,2025-06,0.0,5,0.0
LONG,ASIA_CONTINUATION,C2C3,B,PULLBACK_1M,21889.0,21864.0,21973.25,21911.5,21973.25,25.0,84.25,3.37,21887.5,21913.0,25.5,255.0,0.0011650485436893732,25.5,1445.75,1160.25,0.8025246411896939,,-1000.0,-2000.0,,2025-06-10 21:07:00-04:00,2025-06-10 23:23:00-04:00,2025-06-10,2025-06-10,2025-06-10,2025-06-10 21:07:00,2025-06-10 23:23:00,2025-06,2025-06,510.0,5,25.5
LONG,ASIA_CONTINUATION,C2C3,B,PULLBACK_1M,21889.0,21864.0,21973.25,21911.5,21973.25,25.0,84.25,3.37,21887.5,21887.5,0.0,0.0,0.0,0.0,1445.75,1160.25,0.8025246411896939,,-1000.0,-2000.0,,2025-06-10 21:07:00-04:00,2025-06-11 03:16:00-04:00,2025-06-10,2025-06-10,2025-06-11,2025-06-10 21:07:00,2025-06-11 03:16:00,2025-06,2025-06,0.0,5,0.0
LONG,NYPM_CONTINUATION,iFVG,A,PULLBACK_1M,21881.25,21856.25,22106.0,21903.75,22106.0,25.0,224.75,8.99,21882.75,21856.25,-26.5,-265.0,-0.0012109995315945365,-106.0,1339.75,1160.25,0.8660197798096659,,-1000.0,-2000.0,,2025-06-12 14:49:00-04:00,2025-06-12 15:41:00-04:00,2025-06-11,2025-06-11,2025-06-12,2025-06-12 14:49:00,2025-06-12 15:41:00,2025-06,2025-06,-530.0,10,-106.0
LONG,ASIA_CONTINUATION,C2C3,B,PULLBACK_1M,21749.75,21719.75,21854.75,21767.25,21854.75,30.0,105.0,3.5,21750.0,21779.5,29.5,295.0,0.00135632183908041,29.5,1369.25,1160.25,0.8473616943582253,,-1000.0,-2000.0,,2025-06-15 22:42:00-04:00,2025-06-15 23:41:00-04:00,2025-06-15,2025-06-15,2025-06-15,2025-06-15 22:42:00,2025-06-15 23:41:00,2025-06,2025-06,590.0,5,29.5
LONG,ASIA_CONTINUATION,C2C3,B,PULLBACK_1M,21749.75,21719.75,21854.75,21767.25,21854.75,30.0,105.0,3.5,21750.0,21854.75,104.75,1047.5,0.004816091954022994,314.25,1683.5,1160.25,0.6891891891891891,,-1000.0,-2000.0,,2025-06-15 22:42:00-04:00,2025-06-16 05:31:00-04:00,2025-06-15,2025-06-15,2025-06-16,2025-06-15 22:42:00,2025-06-16 05:31:00,2025-06,2025-06,2095.0,5,314.25
LONG,ASIA_CONTINUATION,C2C3,B,PULLBACK_1M,21982.25,21957.0,22063.25,22004.5,22063.25,25.25,81.0,3.207920792079208,21982.5,22010.5,28.0,280.0,0.0012737404753782045,28.0,1711.5,1160.25,0.6779141104294478,,-1000.0,-2000.0,,2025-06-17 20:48:00-04:00,2025-06-17 22:12:00-04:00,2025-06-17,2025-06-17,2025-06-17,2025-06-17 20:48:00,2025-06-17 22:12:00,2025-06,2025-06,560.0,5,28.0
LONG,ASIA_CONTINUATION,C2C3,B,PULLBACK_1M,21982.25,21957.0,22063.25,22004.5,22063.25,25.25,81.0,3.207920792079208,21982.5,22063.25,80.75,807.5,0.00367337654952804,242.25,1953.75,1160.25,0.5938579654510556,,-1000.0,-2000.0,,2025-06-17 20:48:00-04:00,2025-06-18 01:05:00-04:00,2025-06-17,2025-06-17,2025-06-18,2025-06-17 20:48:00,2025-06-18 01:05:00,2025-06,2025-06,1615.0,5,242.25
LONG,ASIA_CONTINUATION,C2C3,B,PULLBACK_1M,21905.25,21880.0,22097.75,21927.5,22097.75,25.25,192.5,7.623762376237623,21904.75,21929.75,25.0,250.0,0.0011413049681006093,25.0,1978.75,1160.25,0.5863550221099179,,-1000.0,-2000.0,,2025-06-19 20:18:00-04:00,2025-06-19 22:06:00-04:00,2025-06-19,2025-06-19,2025-06-19,2025-06-19 20:18:00,2025-06-19 22:06:00,2025-06,2025-06,500.0,5,25.0
LONG,ASIA_CONTINUATION,C2C3,B,PULLBACK_1M,21905.25,21880.0,22097.75,21927.5,22097.75,25.25,192.5,7.623762376237623,21904.75,21880.0,-24.75,-247.5,-0.001129891918419501,-74.25,1904.5,1160.25,0.6092150170648464,,-1000.0,-2000.0,,2025-06-19 20:18:00-04:00,2025-06-20 00:50:00-04:00,2025-06-19,2025-06-19,2025-06-20,2025-06-19 20:18:00,2025-06-20 00:50:00,2025-06,2025-06,-495.0,5,-74.25
LONG,NYPM_CONTINUATION,MSS,A,PULLBACK_1M,22197.75,22168.930357142857,22384.5,22222.262678571427,22384.5,28.819642857142753,186.75,6.479955387570505,22196.75,22227.75,31.0,310.0,0.0013966008537285024,31.0,1935.5,1160.25,0.5994575045207957,,-1000.0,-2000.0,,2025-06-23 14:59:00-04:00,2025-06-23 15:02:00-04:00,2025-06-22,2025-06-22,2025-06-23,2025-06-23 14:59:00,2025-06-23 15:02:00,2025-06,2025-06,620.0,10,31.0
LONG,NYPM_CONTINUATION,MSS,A,PULLBACK_1M,22197.75,22168.930357142857,22384.5,22222.262678571427,22384.5,28.819642857142753,186.75,6.479955387570505,22196.75,22196.75,0.0,0.0,0.0,0.0,1935.5,1160.25,0.5994575045207957,,-1000.0,-2000.0,,2025-06-23 14:59:00-04:00,2025-06-23 16:48:00-04:00,2025-06-22,2025-06-22,2025-06-23,2025-06-23 14:59:00,2025-06-23 16:48:00,2025-06,2025-06,0.0,10,0.0
LONG,LONDON_CONTINUATION,C2C3,A,PULLBACK_1M,22451.5,22423.75,22559.5,22471.25,22559.5,27.75,108.0,3.891891891891892,22452.0,22477.5,25.5,255.0,0.0011357562800642373,25.5,1961.0,1160.25,0.5916624171341153,,-1000.0,-2000.0,,2025-06-25 02:56:00-04:00,2025-06-25 03:50:00-04:00,2025-06-24,2025-06-24,2025-06-25,2025-06-25 02:56:00,2025-06-25 03:50:00,2025-06,2025-06,510.0,5,25.5
LONG,LONDON_CONTINUATION,C2C3,A,PULLBACK_1M,22451.5,22423.75,22559.5,22471.25,22559.5,27.75,108.0,3.891891891891892,22452.0,22452.0,0.0,0.0,0.0,0.0,1961.0,1160.25,0.5916624171341153,,-1000.0,-2000.0,,2025-06-25 02:56:00-04:00,2025-06-25 07:10:00-04:00,2025-06-24,2025-06-24,2025-06-25,2025-06-25 02:56:00,2025-06-25 07:10:00,2025-06,2025-06,0.0,5,0.0
LONG,ASIA_CONTINUATION,C2C3,B,PULLBACK_1M,22505.25,22480.25,22586.5,22527.75,22586.5,25.0,81.25,3.25,22503.0,22529.0,26.0,260.0,0.0011554015020218689,26.0,1987.0,1160.25,0.5839204831404127,,-1000.0,-2000.0,,2025-06-25 20:58:00-04:00,2025-06-25 22:46:00-04:00,2025-06-25,2025-06-25,2025-06-25,2025-06-25 20:58:00,2025-06-25 22:46:00,2025-06,2025-06,520.0,5,26.0
LONG,ASIA_CONTINUATION,C2C3,B,PULLBACK_1M,22505.25,22480.25,22586.5,22527.75,22586.5,25.0,81.25,3.25,22503.0,22503.0,0.0,0.0,0.0,0.0,1987.0,1160.25,0.5839204831404127,,-1000.0,-2000.0,,2025-06-25 20:58:00-04:00,2025-06-26 05:37:00-04:00,2025-06-25,2025-06-25,2025-06-26,2025-06-25 20:58:00,2025-06-26 05:37:00,2025-06,2025-06,0.0,5,0.0
LONG,NYPM_CONTINUATION,iFVG,A,PULLBACK_1M,22708.25,22675.01785714286,22786.50446428571,22724.858928571426,22786.50446428571,33.2321428571413,78.25446428571013,2.3547823750671535,22707.75,22675.01785714286,-32.7321428571413,-327.321428571413,-0.0014414524934061035,-130.9285714285652,1856.0714285714348,1160.25,0.6251106407542792,,-1000.0,-2000.0,,2025-06-26 14:27:00-04:00,2025-06-26 15:11:00-04:00,2025-06-25,2025-06-25,2025-06-26,2025-06-26 14:27:00,2025-06-26 15:11:00,2025-06,2025-06,-654.642857142826,5,-130.9285714285652
LONG,ASIA_CONTINUATION,C2C3,B,PULLBACK_1M,22698.0,22672.25,22778.5,22719.75,22778.5,25.75,80.5,3.1262135922330097,22697.25,22719.0,21.75,217.5,0.0009582658692133261,21.75,1877.8214285714348,1160.25,0.6178702523821277,,-1000.0,-2000.0,,2025-06-26 21:13:00-04:00,2025-06-26 22:13:00-04:00,2025-06-26,2025-06-26,2025-06-26,2025-06-26 21:13:00,2025-06-26 22:13:00,2025-06,2025-06,435.0,5,21.75
LONG,ASIA_CONTINUATION,C2C3,B,PULLBACK_1M,22698.0,22672.25,22778.5,22719.75,22778.5,25.75,80.5,3.1262135922330097,22697.25,22778.5,81.25,812.5,0.003579728821773598,243.75,2121.571428571435,1160.25,0.546882364823916,,-1000.0,-2000.0,,2025-06-26 21:13:00-04:00,2025-06-27 03:41:00-04:00,2025-06-26,2025-06-26,2025-06-27,2025-06-26 21:13:00,2025-06-27 03:41:00,2025-06,2025-06,1625.0,5,243.75
LONG,ASIA_CONTINUATION,iFVG,B,PULLBACK_1M,22903.75,22878.125,22987.03125,22926.8125,22987.03125,25.625,83.28125,3.25,22904.25,22878.125,-26.125,-261.25,-0.0011406180075750338,-104.5,2017.0714285714348,1160.25,0.5752151280144463,,-1000.0,-2000.0,,2025-06-30 02:20:00-04:00,2025-06-30 04:32:00-04:00,2025-06-29,2025-06-29,2025-06-30,2025-06-30 02:20:00,2025-06-30 04:32:00,2025-06,2025-06,-522.5,5,-104.5
LONG,ASIA_CONTINUATION,C2C3,B,PULLBACK_1M,22874.0,22849.0,22955.25,22896.5,22955.25,25.0,81.25,3.25,22872.75,22897.25,24.5,245.0,0.0010711436097539107,24.5,2041.5714285714348,1160.25,0.5683122244769417,,-1000.0,-2000.0,,2025-07-02 20:27:00-04:00,2025-07-02 23:40:00-04:00,2025-07-02,2025-07-02,2025-07-02,2025-07-02 20:27:00,2025-07-02 23:40:00,2025-07,2025-07,490.0,5,24.5
LONG,ASIA_CONTINUATION,C2C3,B,PULLBACK_1M,22874.0,22849.0,22955.25,22896.5,22955.25,25.0,81.25,3.25,22872.75,22849.0,-23.75,-237.5,-0.0010383534992512988,-71.25,1970.3214285714348,1160.25,0.5888633109173611,,-1000.0,-2000.0,,2025-07-02 20:27:00-04:00,2025-07-03 01:00:00-04:00,2025-07-02,2025-07-02,2025-07-03,2025-07-02 20:27:00,2025-07-03 01:00:00,2025-07,2025-07,-475.0,5,-71.25
LONG,LONDON_CONTINUATION,iFVG,B,PULLBACK_1M,22976.0,22951.0,23057.25,22998.5,23057.25,25.0,81.25,3.25,22975.75,22999.5,23.75,237.5,0.0010336985734960003,23.75,1994.0714285714348,1160.25,0.5818497689579808,,-1000.0,-2000.0,,2025-07-07 03:30:00-04:00,2025-07-07 04:19:00-04:00,2025-07-06,2025-07-06,2025-07-07,2025-07-07 03:30:00,2025-07-07 04:19:00,2025-07,2025-07,475.0,5,23.75
LONG,LONDON_CONTINUATION,iFVG,B,PULLBACK_1M,22976.0,22951.0,23057.25,22998.5,23057.25,25.0,81.25,3.25,22975.75,22951.0,-24.75,-247.5,-0.0010772227239589371,-74.25,1919.8214285714348,1160.25,0.6043530834340972,,-1000.0,-2000.0,,2025-07-07 03:30:00-04:00,2025-07-07 04:55:00-04:00,2025-07-06,2025-07-06,2025-07-07,2025-07-07 03:30:00,2025-07-07 04:55:00,2025-07,2025-07,-495.0,5,-74.25
LONG,ASIA_CONTINUATION,C2C3,B,PULLBACK_1M,22923.25,22898.25,23028.5,22945.75,23028.5,25.0,105.25,4.21,22921.75,22946.25,24.5,245.0,0.0010688538178804663,24.5,1944.3214285714348,1160.25,0.5967377527966036,,-1000.0,-2000.0,,2025-07-07 21:26:00-04:00,2025-07-07 22:22:00-04:00,2025-07-07,2025-07-07,2025-07-07,2025-07-07 21:26:00,2025-07-07 22:22:00,2025-07,2025-07,490.0,5,24.5
LONG,ASIA_CONTINUATION,C2C3,B,PULLBACK_1M,22923.25,22898.25,23028.5,22945.75,23028.5,25.0,105.25,4.21,22921.75,22921.75,0.0,0.0,0.0,0.0,1944.3214285714348,1160.25,0.5967377527966036,,-1000.0,-2000.0,,2025-07-07 21:26:00-04:00,2025-07-08 01:51:00-04:00,2025-07-07,2025-07-07,2025-07-08,2025-07-07 21:26:00,2025-07-08 01:51:00,2025-07,2025-07,0.0,5,0.0
LONG,ASIA_CONTINUATION,iFVG,B,PULLBACK_1M,23024.25,22995.25,23112.0,23042.75,23112.0,29.0,87.75,3.0258620689655173,23024.0,23050.75,26.75,267.5,0.0011618311327310504,26.75,1971.0714285714348,1160.25,0.5886392462402591,,-1000.0,-2000.0,,2025-07-10 00:17:00-04:00,2025-07-10 03:05:00-04:00,2025-07-09,2025-07-09,2025-07-10,2025-07-10 00:17:00,2025-07-10 03:05:00,2025-07,2025-07,535.0,5,26.75
LONG,ASIA_CONTINUATION,iFVG,B,PULLBACK_1M,23024.25,22995.25,23112.0,23042.75,23112.0,29.0,87.75,3.0258620689655173,23024.0,23024.0,0.0,0.0,0.0,0.0,1971.0714285714348,1160.25,0.5886392462402591,,-1000.0,-2000.0,,2025-07-10 00:17:00-04:00,2025-07-10 05:34:00-04:00,2025-07-09,2025-07-09,2025-07-10,2025-07-10 00:17:00,2025-07-10 05:34:00,2025-07,2025-07,0.0,5,0.0
LONG,ASIA_CONTINUATION,iFVG,B,PULLBACK_1M,23148.0,23122.25,23228.5,23169.75,23228.5,25.75,80.5,3.1262135922330097,23148.5,23176.5,28.0,280.0,0.0012095816143593563,28.0,1999.0714285714348,1160.25,0.5803944688605406,,-1000.0,-2000.0,,2025-07-14 21:50:00-04:00,2025-07-15 00:27:00-04:00,2025-07-14,2025-07-14,2025-07-15,2025-07-14 21:50:00,2025-07-15 00:27:00,2025-07,2025-07,560.0,5,28.0
LONG,ASIA_CONTINUATION,iFVG,B,PULLBACK_1M,23148.0,23122.25,23228.5,23169.75,23228.5,25.75,80.5,3.1262135922330097,23148.5,23148.5,0.0,0.0,0.0,0.0,1999.0714285714348,1160.25,0.5803944688605406,,-1000.0,-2000.0,,2025-07-14 21:50:00-04:00,2025-07-15 05:40:00-04:00,2025-07-14,2025-07-14,2025-07-15,2025-07-14 21:50:00,2025-07-15 05:40:00,2025-07,2025-07,0.0,5,0.0
LONG,ASIA_CONTINUATION,C2C3,B,PULLBACK_1M,23041.5,23016.5,23222.75,23064.0,23222.75,25.0,181.25,7.25,23040.25,23065.0,24.75,247.5,0.0010742070941069937,24.75,2023.8214285714348,1160.25,0.5732966276668943,,-1000.0,-2000.0,,2025-07-16 20:55:00-04:00,2025-07-16 21:32:00-04:00,2025-07-16,2025-07-16,2025-07-16,2025-07-16 20:55:00,2025-07-16 21:32:00,2025-07,2025-07,495.0,5,24.75
LONG,ASIA_CONTINUATION,C2C3,B,PULLBACK_1M,23041.5,23016.5,23222.75,23064.0,23222.75,25.0,181.25,7.25,23040.25,23222.75,182.5,1825.0,0.007920920996951075,547.5,2571.321428571435,1160.25,0.4512271344639349,,-1000.0,-2000.0,,2025-07-16 20:55:00-04:00,2025-07-17 07:05:00-04:00,2025-07-16,2025-07-16,2025-07-17,2025-07-16 20:55:00,2025-07-17 07:05:00,2025-07,2025-07,3650.0,5,547.5
LONG,ASIA_CONTINUATION,iFVG,B,PULLBACK_1M,23265.0,23240.0,23346.25,23287.5,23346.25,25.0,81.25,3.25,23264.75,23292.25,27.5,275.0,0.0011820457989017985,27.5,2598.821428571435,1160.25,0.44645237538994215,,-1000.0,-2000.0,,2025-07-20 20:29:00-04:00,2025-07-20 22:23:00-04:00,2025-07-20,2025-07-20,2025-07-20,2025-07-20 20:29:00,2025-07-20 22:23:00,2025-07,2025-07,550.0,5,27.5
LONG,ASIA_CONTINUATION,iFVG,B,PULLBACK_1M,23265.0,23240.0,23346.25,23287.5,23346.25,25.0,81.25,3.25,23264.75,23240.0,-24.75,-247.5,-0.0010638412190115965,-74.25,2524.571428571435,1160.25,0.4595829560887268,,-1000.0,-2000.0,,2025-07-20 20:29:00-04:00,2025-07-21 04:58:00-04:00,2025-07-20,2025-07-20,2025-07-21,2025-07-20 20:29:00,2025-07-21 04:58:00,2025-07,2025-07,-495.0,5,-74.25
LONG,LONDON_CONTINUATION,iFVG,B,PULLBACK_1M,23340.25,23315.25,23424.75,23362.75,23424.75,25.0,84.5,3.38,23339.75,23315.25,-24.5,-245.0,-0.0010497113293844729,-98.0,2426.571428571435,1160.25,0.47814376545390197,,-1000.0,-2000.0,,2025-07-22 04:30:00-04:00,2025-07-22 05:31:00-04:00,2025-07-21,2025-07-21,2025-07-22,2025-07-22 04:30:00,2025-07-22 05:31:00,2025-07,2025-07,-490.0,5,-98.0
LONG,ASIA_CONTINUATION,C2C3,B,PULLBACK_1M,23254.25,23229.25,23424.75,23276.75,23424.75,25.0,170.5,6.82,23252.0,23276.5,24.5,245.0,0.0010536728023395892,24.5,2451.071428571435,1160.25,0.4733644178930485,,-1000.0,-2000.0,,2025-07-22 22:29:00-04:00,2025-07-22 23:21:00-04:00,2025-07-22,2025-07-22,2025-07-22,2025-07-22 22:29:00,2025-07-22 23:21:00,2025-07,2025-07,490.0,5,24.5
LONG,ASIA_CONTINUATION,C2C3,B,PULLBACK_1M,23254.25,23229.25,23424.75,23276.75,23424.75,25.0,170.5,6.82,23252.0,23229.25,-22.75,-227.5,-0.0009784104593153486,-68.25,2382.821428571435,1160.25,0.48692276562897996,,-1000.0,-2000.0,,2025-07-22 22:29:00-04:00,2025-07-23 05:30:00-04:00,2025-07-22,2025-07-22,2025-07-23,2025-07-22 22:29:00,2025-07-23 05:30:00,2025-07,2025-07,-455.0,5,-68.25
LONG,ASIA_CONTINUATION,C2C3,B,PULLBACK_1M,23381.0,23355.25,23461.5,23402.75,23461.5,25.75,80.5,3.1262135922330097,23380.75,23355.25,-25.5,-255.0,-0.0010906408049357053,-102.0,2280.821428571435,1160.25,0.5086983073140928,,-1000.0,-2000.0,,2025-07-23 20:57:00-04:00,2025-07-23 22:45:00-04:00,2025-07-23,2025-07-23,2025-07-23,2025-07-23 20:57:00,2025-07-23 22:45:00,2025-07,2025-07,-510.0,5,-102.0
LONG,NYPM_CONTINUATION,MSS,A,PULLBACK_1M,23510.75,23479.5,23598.5,23527.0,23598.5,31.25,87.75,2.808,23509.75,23532.75,23.0,230.0,0.0009783175065665173,92.0,2372.821428571435,1160.25,0.4889748491097084,,-1000.0,-2000.0,,2025-07-28 14:06:00-04:00,2025-07-28 16:56:00-04:00,2025-07-27,2025-07-27,2025-07-28,2025-07-28 14:06:00,2025-07-28 16:56:00,2025-07,2025-07,460.0,5,92.0
LONG,ASIA_CONTINUATION,iFVG,B,PULLBACK_1M,23561.25,23536.25,23642.5,23583.75,23642.5,25.0,81.25,3.25,23560.25,23583.0,22.75,227.5,0.0009656094481169664,22.75,2395.571428571435,1160.25,0.48433120639274724,,-1000.0,-2000.0,,2025-07-28 23:29:00-04:00,2025-07-28 23:46:00-04:00,2025-07-28,2025-07-28,2025-07-28,2025-07-28 23:29:00,2025-07-28 23:46:00,2025-07,2025-07,455.0,5,22.75
LONG,ASIA_CONTINUATION,iFVG,B,PULLBACK_1M,23561.25,23536.25,23642.5,23583.75,23642.5,25.0,81.25,3.25,23560.25,23642.5,82.25,822.5,0.0034910495431923483,246.75,2642.321428571435,1160.25,0.4391025207812384,,-1000.0,-2000.0,,2025-07-28 23:29:00-04:00,2025-07-29 05:36:00-04:00,2025-07-28,2025-07-28,2025-07-29,2025-07-28 23:29:00,2025-07-29 05:36:00,2025-07,2025-07,1645.0,5,246.75
LONG,ASIA_CONTINUATION,C2C3,B,PULLBACK_1M,23801.75,23775.5,23881.75,23823.0,23881.75,26.25,80.0,3.0476190476190474,23801.5,23833.75,32.25,322.5,0.001354956620380987,32.25,2674.571428571435,1160.25,0.4338078196773839,,-1000.0,-2000.0,,2025-07-30 21:57:00-04:00,2025-07-30 23:44:00-04:00,2025-07-30,2025-07-30,2025-07-30,2025-07-30 21:57:00,2025-07-30 23:44:00,2025-07,2025-07,645.0,5,32.25
LONG,ASIA_CONTINUATION,C2C3,B,PULLBACK_1M,23801.75,23775.5,23881.75,23823.0,23881.75,26.25,80.0,3.0476190476190474,23801.5,23775.5,-26.0,-260.0,-0.001092368128059129,-78.0,2596.571428571435,1160.25,0.44683923855633695,,-1000.0,-2000.0,,2025-07-30 21:57:00-04:00,2025-07-31 02:58:00-04:00,2025-07-30,2025-07-30,2025-07-31,2025-07-30 21:57:00,2025-07-31 02:58:00,2025-07,2025-07,-520.0,5,-78.0
LONG,ASIA_CONTINUATION,iFVG,B,PULLBACK_1M,23475.0,23450.0,23556.25,23497.5,23556.25,25.0,81.25,3.25,23474.75,23497.25,22.5,225.0,0.0009584766610932771,22.5,2619.071428571435,1160.25,0.44300051817710645,,-1000.0,-2000.0,,2025-08-06 21:30:00-04:00,2025-08-06 23:13:00-04:00,2025-08-06,2025-08-06,2025-08-06,2025-08-06 21:30:00,2025-08-06 23:13:00,2025-08,2025-08,450.0,5,22.5
LONG,ASIA_CONTINUATION,iFVG,B,PULLBACK_1M,23475.0,23450.0,23556.25,23497.5,23556.25,25.0,81.25,3.25,23474.75,23556.25,81.5,815.0,0.0034718154612936036,244.5,2863.571428571435,1160.25,0.40517585432776165,,-1000.0,-2000.0,,2025-08-06 21:30:00-04:00,2025-08-07 00:27:00-04:00,2025-08-06,2025-08-06,2025-08-07,2025-08-06 21:30:00,2025-08-07 00:27:00,2025-08,2025-08,1630.0,5,244.5
LONG,LONDON_CONTINUATION,iFVG,B,PULLBACK_1M,23736.0,23710.75,23817.0,23758.25,23817.0,25.25,81.0,3.207920792079208,23736.0,23710.75,-25.25,-252.5,-0.0010637849679810962,-101.0,2762.571428571435,1160.25,0.41998914055227954,,-1000.0,-2000.0,,2025-08-11 03:48:00-04:00,2025-08-11 04:53:00-04:00,2025-08-10,2025-08-10,2025-08-11,2025-08-11 03:48:00,2025-08-11 04:53:00,2025-08,2025-08,-505.0,5,-101.0
LONG,ASIA_CONTINUATION,iFVG,B,PULLBACK_1M,23958.75,23931.5,24037.75,23979.0,24037.75,27.25,79.0,2.8990825688073394,23958.25,23982.75,24.5,245.0,0.0010226122525642811,24.5,2787.071428571435,1160.25,0.4162971885491674,,-1000.0,-2000.0,,2025-08-12 21:03:00-04:00,2025-08-12 23:19:00-04:00,2025-08-12,2025-08-12,2025-08-12,2025-08-12 21:03:00,2025-08-12 23:19:00,2025-08,2025-08,490.0,5,24.5
LONG,ASIA_CONTINUATION,iFVG,B,PULLBACK_1M,23958.75,23931.5,24037.75,23979.0,24037.75,27.25,79.0,2.8990825688073394,23958.25,24037.75,79.5,795.0,0.0033182724113822726,238.5,3025.571428571435,1160.25,0.3834812786250523,,-1000.0,-2000.0,,2025-08-12 21:03:00-04:00,2025-08-13 05:25:00-04:00,2025-08-12,2025-08-12,2025-08-13,2025-08-12 21:03:00,2025-08-13 05:25:00,2025-08,2025-08,1590.0,5,238.5
LONG,ASIA_CONTINUATION,iFVG,B,PULLBACK_1M,23951.0,23925.5,24068.5,23973.0,24068.5,25.5,117.5,4.607843137254902,23951.25,23925.5,-25.75,-257.5,-0.0010751004644851125,-103.0,2922.571428571435,1160.25,0.3969962850718537,,-1000.0,-2000.0,,2025-08-14 22:50:00-04:00,2025-08-15 00:36:00-04:00,2025-08-14,2025-08-14,2025-08-15,2025-08-14 22:50:00,2025-08-15 00:36:00,2025-08,2025-08,-515.0,5,-103.0
SHORT,ASIA_CONTINUATION,iFVG,B,PULLBACK_1M,23435.25,23466.364285714284,23339.441071428577,23409.622142857144,23339.441071428577,31.11428571428405,95.80892857142317,3.079258494031212,23435.75,23466.364285714284,-30.61428571428405,-306.1428571428405,-0.0013063070614034444,-122.4571428571362,2800.1142857142986,1160.25,0.41435808742500113,,-1000.0,-2000.0,,2025-08-25 23:51:00-04:00,2025-08-26 00:12:00-04:00,2025-08-25,2025-08-25,2025-08-26,2025-08-25 23:51:00,2025-08-26 00:12:00,2025-08,2025-08,-612.285714285681,5,-122.4571428571362
SHORT,LONDON_CONTINUATION,C2C3,A,PULLBACK_1M,23486.0,23511.0,23270.0,23463.5,23270.0,25.0,216.0,8.64,23488.0,23465.0,23.0,230.0,0.0009792234332425265,23.0,2823.1142857142986,1160.25,0.4109822991832709,,-1000.0,-2000.0,,2025-09-01 02:46:00-04:00,2025-09-01 03:30:00-04:00,2025-08-31,2025-08-31,2025-09-01,2025-09-01 02:46:00,2025-09-01 03:30:00,2025-09,2025-09,460.0,10,23.0
SHORT,LONDON_CONTINUATION,C2C3,A,PULLBACK_1M,23486.0,23511.0,23270.0,23463.5,23270.0,25.0,216.0,8.64,23488.0,23470.25,17.75,177.5,0.0007557050408719679,53.25,2876.3642857142986,1160.25,0.40337380274205104,,-1000.0,-2000.0,,2025-09-01 02:46:00-04:00,2025-09-01 16:56:00-04:00,2025-08-31,2025-08-31,2025-09-01,2025-09-01 02:46:00,2025-09-01 16:56:00,2025-09,2025-09,355.0,10,53.25
SHORT,LONDON_CONTINUATION,iFVG,B,PULLBACK_1M,23234.5,23259.5,23025.25,23212.0,23025.25,25.0,209.25,8.37,23236.5,23207.75,28.75,287.5,0.001237277559012706,28.75,2905.1142857142986,1160.25,0.39938187826394655,,-1000.0,-2000.0,,2025-09-02 03:06:00-04:00,2025-09-02 04:02:00-04:00,2025-09-01,2025-09-01,2025-09-02,2025-09-02 03:06:00,2025-09-02 04:02:00,2025-09,2025-09,575.0,5,28.75
SHORT,LONDON_CONTINUATION,iFVG,B,PULLBACK_1M,23234.5,23259.5,23025.25,23212.0,23025.25,25.0,209.25,8.37,23236.5,23236.5,0.0,0.0,-0.0,-0.0,2905.1142857142986,1160.25,0.39938187826394655,,-1000.0,-2000.0,,2025-09-02 03:06:00-04:00,2025-09-02 05:51:00-04:00,2025-09-01,2025-09-01,2025-09-02,2025-09-02 03:06:00,2025-09-02 05:51:00,2025-09,2025-09,0.0,5,-0.0
LONG,ASIA_CONTINUATION,iFVG,B,PULLBACK_1M,23767.0,23736.75,23843.0,23784.25,23843.0,30.25,76.0,2.512396694214876,23766.75,23794.0,27.25,272.5,0.0011465597946711537,27.25,2932.3642857142986,1160.25,0.39567048529830706,,-1000.0,-2000.0,,2025-09-04 22:02:00-04:00,2025-09-05 03:15:00-04:00,2025-09-04,2025-09-04,2025-09-05,2025-09-04 22:02:00,2025-09-05 03:15:00,2025-09,2025-09,545.0,5,27.25
LONG,ASIA_CONTINUATION,iFVG,B,PULLBACK_1M,23767.0,23736.75,23843.0,23784.25,23843.0,30.25,76.0,2.512396694214876,23766.75,23736.75,-30.0,-300.0,-0.0012622676638581742,-90.0,2842.3642857142986,1160.25,0.4081989088560561,,-1000.0,-2000.0,,2025-09-04 22:02:00-04:00,2025-09-05 04:30:00-04:00,2025-09-04,2025-09-04,2025-09-05,2025-09-04 22:02:00,2025-09-05 04:30:00,2025-09,2025-09,-600.0,5,-90.0
LONG,ASIA_CONTINUATION,iFVG,B,PULLBACK_1M,23757.25,23732.0,23902.0,23779.5,23902.0,25.25,144.75,5.732673267326732,23757.5,23783.75,26.25,262.5,0.001104914237609167,26.25,2868.6142857142986,1160.25,0.40446357873139166,,-1000.0,-2000.0,,2025-09-07 22:12:00-04:00,2025-09-08 01:54:00-04:00,2025-09-07,2025-09-07,2025-09-08,2025-09-07 22:12:00,2025-09-08 01:54:00,2025-09,2025-09,525.0,5,26.25
LONG,ASIA_CONTINUATION,iFVG,B,PULLBACK_1M,23757.25,23732.0,23902.0,23779.5,23902.0,25.25,144.75,5.732673267326732,23757.5,23812.5,55.0,550.0,0.0023150584026097043,165.0,3033.6142857142986,1160.25,0.3824645754945758,,-1000.0,-2000.0,,2025-09-07 22:12:00-04:00,2025-09-08 16:56:00-04:00,2025-09-07,2025-09-07,2025-09-08,2025-09-07 22:12:00,2025-09-08 16:56:00,2025-09,2025-09,1100.0,5,165.0
LONG,ASIA_CONTINUATION,C2C3,B,PULLBACK_1M,23838.25,23813.25,23919.5,23860.75,23919.5,25.0,81.25,3.25,23837.0,23859.75,22.75,227.5,0.0009543986239879398,22.75,3056.3642857142986,1160.25,0.379617706378492,,-1000.0,-2000.0,,2025-09-08 20:54:00-04:00,2025-09-08 23:13:00-04:00,2025-09-08,2025-09-08,2025-09-08,2025-09-08 20:54:00,2025-09-08 23:13:00,2025-09,2025-09,455.0,5,22.75
LONG,ASIA_CONTINUATION,C2C3,B,PULLBACK_1M,23838.25,23813.25,23919.5,23860.75,23919.5,25.0,81.25,3.25,23837.0,23813.25,-23.75,-237.5,-0.0009963502118555123,-71.25,2985.1142857142986,1160.25,0.38867858612735406,,-1000.0,-2000.0,,2025-09-08 20:54:00-04:00,2025-09-09 03:18:00-04:00,2025-09-08,2025-09-08,2025-09-09,2025-09-08 20:54:00,2025-09-09 03:18:00,2025-09,2025-09,-475.0,5,-71.25
LONG,ASIA_CONTINUATION,iFVG,B,PULLBACK_1M,23947.5,23919.0,24025.25,23966.5,24025.25,28.5,77.75,2.7280701754385963,23947.25,23919.0,-28.25,-282.5,-0.0011796761632337782,-113.0,2872.1142857142986,1160.25,0.40397069356571386,,-1000.0,-2000.0,,2025-09-09 23:11:00-04:00,2025-09-10 00:08:00-04:00,2025-09-09,2025-09-09,2025-09-10,2025-09-09 23:11:00,2025-09-10 00:08:00,2025-09,2025-09,-565.0,5,-113.0
LONG,LONDON_CONTINUATION,iFVG,B,PULLBACK_1M,23934.5,23900.25,24044.25,23947.75,24044.25,34.25,109.75,3.204379562043796,23934.5,23989.75,55.25,552.5,0.002308383296078853,55.25,2927.3642857142986,1160.25,0.3963462988402519,,-1000.0,-2000.0,,2025-09-10 03:21:00-04:00,2025-09-10 04:31:00-04:00,2025-09-09,2025-09-09,2025-09-10,2025-09-10 03:21:00,2025-09-10 04:31:00,2025-09,2025-09,1105.0,5,55.25
LONG,LONDON_CONTINUATION,iFVG,B,PULLBACK_1M,23934.5,23900.25,24044.25,23947.75,24044.25,34.25,109.75,3.204379562043796,23934.5,23934.5,0.0,0.0,0.0,0.0,2927.3642857142986,1160.25,0.3963462988402519,,-1000.0,-2000.0,,2025-09-10 03:21:00-04:00,2025-09-10 05:32:00-04:00,2025-09-09,2025-09-09,2025-09-10,2025-09-10 03:21:00,2025-09-10 05:32:00,2025-09,2025-09,0.0,5,0.0
LONG,ASIA_CONTINUATION,iFVG,B,PULLBACK_1M,23931.75,23906.75,24044.25,23954.25,24044.25,25.0,112.5,4.5,23931.0,23953.5,22.5,225.0,0.0009402030838661091,22.5,2949.8642857142986,1160.25,0.3933231795167315,,-1000.0,-2000.0,,2025-09-10 23:54:00-04:00,2025-09-11 03:50:00-04:00,2025-09-10,2025-09-10,2025-09-11,2025-09-10 23:54:00,2025-09-11 03:50:00,2025-09,2025-09,450.0,5,22.5
LONG,ASIA_CONTINUATION,iFVG,B,PULLBACK_1M,23931.75,23906.75,24044.25,23954.25,24044.25,25.0,112.5,4.5,23931.0,23906.75,-24.25,-242.5,-0.0010133299903890558,-72.75,2877.1142857142986,1160.25,0.40326865212166774,,-1000.0,-2000.0,,2025-09-10 23:54:00-04:00,2025-09-11 04:30:00-04:00,2025-09-10,2025-09-10,2025-09-11,2025-09-10 23:54:00,2025-09-11 04:30:00,2025-09,2025-09,-485.0,5,-72.75
LONG,ASIA_CONTINUATION,iFVG,B,PULLBACK_1M,24023.5,23998.5,24159.0,24046.0,24159.0,25.0,135.5,5.42,24023.25,24045.5,22.25,222.5,0.0009261860905580566,22.25,2899.3642857142986,1160.25,0.40017392975307214,,-1000.0,-2000.0,,2025-09-12 02:57:00-04:00,2025-09-12 05:06:00-04:00,2025-09-11,2025-09-11,2025-09-12,2025-09-12 02:57:00,2025-09-12 05:06:00,2025-09,2025-09,445.0,5,22.25
LONG,ASIA_CONTINUATION,iFVG,B,PULLBACK_1M,24023.5,23998.5,24159.0,24046.0,24159.0,25.0,135.5,5.42,24023.25,24114.0,90.75,907.5,0.0037775904592425302,272.25,3171.6142857142986,1160.25,0.3658231725169232,,-1000.0,-2000.0,,2025-09-12 02:57:00-04:00,2025-09-14 14:01:00-04:00,2025-09-11,2025-09-13,2025-09-14,2025-09-12 02:57:00,2025-09-14 14:01:00,2025-09,2025-09,1815.0,5,272.25
LONG,LONDON_CONTINUATION,iFVG,B,PULLBACK_1M,24124.5,24095.954464285714,24375.0,24147.340982142858,24375.0,28.545535714285506,250.5,8.77545275405843,24124.75,24152.25,27.5,275.0,0.0011399081855769655,27.5,3199.1142857142986,1160.25,0.3626785092302319,,-1000.0,-2000.0,,2025-09-15 02:31:00-04:00,2025-09-15 04:05:00-04:00,2025-09-14,2025-09-14,2025-09-15,2025-09-15 02:31:00,2025-09-15 04:05:00,2025-09,2025-09,550.0,5,27.5
LONG,LONDON_CONTINUATION,iFVG,B,PULLBACK_1M,24124.5,24095.954464285714,24375.0,24147.340982142858,24375.0,28.545535714285506,250.5,8.77545275405843,24124.75,24302.5,177.75,1777.5,0.0073679519995026865,533.25,3732.3642857142986,1160.25,0.310861939291639,,-1000.0,-2000.0,,2025-09-15 02:31:00-04:00,2025-09-15 16:56:00-04:00,2025-09-14,2025-09-14,2025-09-15,2025-09-15 02:31:00,2025-09-15 16:56:00,2025-09,2025-09,3555.0,5,533.25
LONG,ASIA_CONTINUATION,iFVG,B,PULLBACK_1M,24393.75,24368.75,24475.0,24416.25,24475.0,25.0,81.25,3.25,24390.5,24368.75,-21.75,-217.5,-0.0008917406367232594,-87.0,3645.3642857142986,1160.25,0.3182809478182651,,-1000.0,-2000.0,,2025-09-16 00:26:00-04:00,2025-09-16 03:18:00-04:00,2025-09-15,2025-09-15,2025-09-16,2025-09-16 00:26:00,2025-09-16 03:18:00,2025-09,2025-09,-435.0,5,-87.0
LONG,LONDON_CONTINUATION,iFVG,B,PULLBACK_1M,24747.5,24717.25,24823.5,24764.75,24823.5,30.25,76.0,2.512396694214876,24747.75,24717.0,-30.75,-307.5,-0.0012425372003515012,-123.0,3522.3642857142986,1160.25,0.3293952316929972,,-1000.0,-2000.0,,2025-09-18 03:12:00-04:00,2025-09-18 03:43:00-04:00,2025-09-17,2025-09-17,2025-09-18,2025-09-18 03:12:00,2025-09-18 03:43:00,2025-09,2025-09,-615.0,5,-123.0
LONG,ASIA_CONTINUATION,iFVG,B,PULLBACK_1M,24709.25,24684.25,24835.5,24731.75,24835.5,25.0,126.25,5.05,24709.75,24734.75,25.0,250.0,0.0010117463754186762,25.0,3547.3642857142986,1160.25,0.32707382342221775,,-1000.0,-2000.0,,2025-09-19 00:30:00-04:00,2025-09-19 03:02:00-04:00,2025-09-18,2025-09-18,2025-09-19,2025-09-19 00:30:00,2025-09-19 03:02:00,2025-09,2025-09,500.0,5,25.0
LONG,ASIA_CONTINUATION,iFVG,B,PULLBACK_1M,24709.25,24684.25,24835.5,24731.75,24835.5,25.0,126.25,5.05,24709.75,24709.75,0.0,0.0,0.0,0.0,3547.3642857142986,1160.25,0.32707382342221775,,-1000.0,-2000.0,,2025-09-19 00:30:00-04:00,2025-09-19 07:30:00-04:00,2025-09-18,2025-09-18,2025-09-19,2025-09-19 00:30:00,2025-09-19 07:30:00,2025-09,2025-09,0.0,5,0.0
LONG,ASIA_CONTINUATION,iFVG,B,PULLBACK_1M,25004.75,24978.25,25084.5,25025.75,25084.5,26.5,79.75,3.009433962264151,25005.0,24978.25,-26.75,-267.5,-0.0010697860427913986,-107.0,3440.3642857142986,1160.25,0.33724626337327107,,-1000.0,-2000.0,,2025-09-22 21:32:00-04:00,2025-09-23 03:14:00-04:00,2025-09-22,2025-09-22,2025-09-23,2025-09-22 21:32:00,2025-09-23 03:14:00,2025-09,2025-09,-535.0,5,-107.0
LONG,ASIA_CONTINUATION,iFVG,B,PULLBACK_1M,24651.75,24622.25,24764.0,24669.75,24764.0,29.5,112.25,3.805084745762712,24652.5,24622.25,-30.25,-302.5,-0.0012270560795051288,-121.0,3319.3642857142986,1160.25,0.3495398215234831,,-1000.0,-2000.0,,2025-09-26 00:08:00-04:00,2025-09-26 00:43:00-04:00,2025-09-25,2025-09-25,2025-09-26,2025-09-26 00:08:00,2025-09-26 00:43:00,2025-09,2025-09,-605.0,5,-121.0
LONG,ASIA_CONTINUATION,iFVG,B,PULLBACK_1M,24832.25,24803.75,24910.0,24851.25,24910.0,28.5,77.75,2.7280701754385963,24832.75,24858.25,25.5,255.0,0.0010268697586857112,25.5,3344.8642857142986,1160.25,0.3468750600600908,,-1000.0,-2000.0,,2025-09-28 21:05:00-04:00,2025-09-28 23:37:00-04:00,2025-09-28,2025-09-28,2025-09-28,2025-09-28 21:05:00,2025-09-28 23:37:00,2025-09,2025-09,510.0,5,25.5
LONG,ASIA_CONTINUATION,iFVG,B,PULLBACK_1M,24832.25,24803.75,24910.0,24851.25,24910.0,28.5,77.75,2.7280701754385963,24832.75,24910.0,77.25,772.5,0.003110811327782903,231.75,3576.6142857142986,1160.25,0.3243989726916506,,-1000.0,-2000.0,,2025-09-28 21:05:00-04:00,2025-09-29 05:43:00-04:00,2025-09-28,2025-09-28,2025-09-29,2025-09-28 21:05:00,2025-09-29 05:43:00,2025-09,2025-09,1545.0,5,231.75
LONG,ASIA_CONTINUATION,C2C3,B,PULLBACK_1M,25069.5,25038.25,25144.5,25085.75,25144.5,31.25,75.0,2.4,25069.0,25097.75,28.75,287.5,0.0011468347361283104,28.75,3605.3642857142986,1160.25,0.32181214103587596,,-1000.0,-2000.0,,2025-10-01 22:44:00-04:00,2025-10-02 00:05:00-04:00,2025-10-01,2025-10-01,2025-10-02,2025-10-01 22:44:00,2025-10-02 00:05:00,2025-10,2025-10,575.0,5,28.75
LONG,ASIA_CONTINUATION,C2C3,B,PULLBACK_1M,25069.5,25038.25,25144.5,25085.75,25144.5,31.25,75.0,2.4,25069.0,25144.5,75.5,755.0,0.0030116877418324695,226.5,3831.8642857142986,1160.25,0.3027899511800475,,-1000.0,-2000.0,,2025-10-01 22:44:00-04:00,2025-10-02 03:52:00-04:00,2025-10-01,2025-10-01,2025-10-02,2025-10-01 22:44:00,2025-10-02 03:52:00,2025-10,2025-10,1510.0,5,226.5
LONG,LONDON_CONTINUATION,iFVG,B,PULLBACK_1M,25162.25,25137.25,25243.5,25184.75,25243.5,25.0,81.25,3.25,25162.0,25137.25,-24.75,-247.5,-0.0009836261028535187,-74.25,3757.6142857142986,1160.25,0.3087730436865326,,-1000.0,-2000.0,,2025-10-02 04:56:00-04:00,2025-10-02 05:32:00-04:00,2025-10-01,2025-10-01,2025-10-02,2025-10-02 04:56:00,2025-10-02 05:32:00,2025-10,2025-10,-495.0,5,-74.25
LONG,ASIA_CONTINUATION,iFVG,B,PULLBACK_1M,25187.25,25162.25,25268.5,25209.75,25268.5,25.0,81.25,3.25,25186.75,25162.25,-24.5,-245.0,-0.0009727336794147501,-73.5,3684.1142857142986,1160.25,0.3149332268271487,,-1000.0,-2000.0,,2025-10-02 21:30:00-04:00,2025-10-02 22:01:00-04:00,2025-10-02,2025-10-02,2025-10-02,2025-10-02 21:30:00,2025-10-02 22:01:00,2025-10,2025-10,-490.0,5,-73.5
LONG,ASIA_CONTINUATION,C2C3,B,PULLBACK_1M,25181.25,25155.11875,25266.176562499997,25204.768125,25266.176562499997,26.131249999998545,84.92656249999709,3.2500000000000697,25177.25,25155.11875,-22.131249999998545,-221.31249999998545,-0.0008790177640528585,-66.39374999999563,3617.720535714303,1160.25,0.32071299829435657,,-1000.0,-2000.0,,2025-10-02 22:14:00-04:00,2025-10-03 03:13:00-04:00,2025-10-02,2025-10-02,2025-10-03,2025-10-02 22:14:00,2025-10-03 03:13:00,2025-10,2025-10,-442.6249999999709,5,-66.39374999999563
LONG,ASIA_CONTINUATION,iFVG,B,PULLBACK_1M,25189.75,25164.75,25275.0,25212.25,25275.0,25.0,85.25,3.41,25189.75,25212.5,22.75,227.5,0.0009031451284748915,22.75,3640.470535714303,1160.25,0.3187088011336824,,-1000.0,-2000.0,,2025-10-07 02:15:00-04:00,2025-10-07 04:01:00-04:00,2025-10-06,2025-10-06,2025-10-07,2025-10-07 02:15:00,2025-10-07 04:01:00,2025-10,2025-10,455.0,5,22.75
LONG,ASIA_CONTINUATION,iFVG,B,PULLBACK_1M,25189.75,25164.75,25275.0,25212.25,25275.0,25.0,85.25,3.41,25189.75,25189.75,0.0,0.0,0.0,0.0,3640.470535714303,1160.25,0.3187088011336824,,-1000.0,-2000.0,,2025-10-07 02:15:00-04:00,2025-10-07 06:37:00-04:00,2025-10-06,2025-10-06,2025-10-07,2025-10-07 02:15:00,2025-10-07 06:37:00,2025-10,2025-10,0.0,5,0.0
LONG,LONDON_CONTINUATION,iFVG,B,PULLBACK_1M,25308.25,25283.25,25389.5,25330.75,25389.5,25.0,81.25,3.25,25308.25,25331.0,22.75,227.5,0.0008989163612656004,22.75,3663.220535714303,1160.25,0.3167294976341792,,-1000.0,-2000.0,,2025-10-10 03:03:00-04:00,2025-10-10 04:09:00-04:00,2025-10-09,2025-10-09,2025-10-10,2025-10-10 03:03:00,2025-10-10 04:09:00,2025-10,2025-10,455.0,5,22.75
LONG,LONDON_CONTINUATION,iFVG,B,PULLBACK_1M,25308.25,25283.25,25389.5,25330.75,25389.5,25.0,81.25,3.25,25308.25,25308.25,0.0,0.0,0.0,0.0,3663.220535714303,1160.25,0.3167294976341792,,-1000.0,-2000.0,,2025-10-10 03:03:00-04:00,2025-10-10 06:16:00-04:00,2025-10-09,2025-10-09,2025-10-10,2025-10-10 03:03:00,2025-10-10 06:16:00,2025-10,2025-10,0.0,5,0.0
SHORT,ASIA_CONTINUATION,iFVG,B,PULLBACK_1M,24490.75,24522.04375,24397.5453125,24466.385625,24397.5453125,31.293750000000728,93.20468750000146,2.978380267625302,24489.75,24453.75,36.0,360.0,0.0014700027562551954,36.0,3699.220535714303,1160.25,0.31364715588008624,,-1000.0,-2000.0,,2025-10-16 23:56:00-04:00,2025-10-17 00:03:00-04:00,2025-10-16,2025-10-16,2025-10-17,2025-10-16 23:56:00,2025-10-17 00:03:00,2025-10,2025-10,720.0,5,36.0
SHORT,ASIA_CONTINUATION,iFVG,B,PULLBACK_1M,24490.75,24522.04375,24397.5453125,24466.385625,24397.5453125,31.293750000000728,93.20468750000146,2.978380267625302,24489.75,24489.75,0.0,0.0,-0.0,-0.0,3699.220535714303,1160.25,0.31364715588008624,,-1000.0,-2000.0,,2025-10-16 23:56:00-04:00,2025-10-17 00:33:00-04:00,2025-10-16,2025-10-16,2025-10-17,2025-10-16 23:56:00,2025-10-17 00:33:00,2025-10,2025-10,0.0,5,-0.0
LONG,LONDON_CONTINUATION,iFVG,B,PULLBACK_1M,25304.25,25279.25,25385.5,25326.75,25385.5,25.0,81.25,3.25,25303.5,25279.25,-24.25,-242.5,-0.0009583654435156852,-72.75,3626.470535714303,1160.25,0.3199391773829665,,-1000.0,-2000.0,,2025-10-21 03:29:00-04:00,2025-10-21 05:13:00-04:00,2025-10-20,2025-10-20,2025-10-21,2025-10-21 03:29:00,2025-10-21 05:13:00,2025-10,2025-10,-485.0,5,-72.75
LONG,ASIA_CONTINUATION,iFVG,B,PULLBACK_1M,25319.75,25292.75,25399.0,25340.25,25399.0,27.0,79.25,2.935185185185185,25319.75,25292.75,-27.0,-270.0,-0.001066361239743685,-81.0,3545.470535714303,1160.25,0.3272485240851805,,-1000.0,-2000.0,,2025-10-21 21:02:00-04:00,2025-10-21 23:03:00-04:00,2025-10-21,2025-10-21,2025-10-21,2025-10-21 21:02:00,2025-10-21 23:03:00,2025-10,2025-10,-540.0,5,-81.0
LONG,ASIA_CONTINUATION,iFVG,B,PULLBACK_1M,25343.75,25318.25,25424.5,25365.75,25424.5,25.5,80.75,3.1666666666666665,25344.25,25368.75,24.5,245.0,0.0009666886966470667,24.5,3569.970535714303,1160.25,0.3250026823450658,,-1000.0,-2000.0,,2025-10-23 21:27:00-04:00,2025-10-23 22:16:00-04:00,2025-10-23,2025-10-23,2025-10-23,2025-10-23 21:27:00,2025-10-23 22:16:00,2025-10,2025-10,490.0,5,24.5
LONG,ASIA_CONTINUATION,iFVG,B,PULLBACK_1M,25343.75,25318.25,25424.5,25365.75,25424.5,25.5,80.75,3.1666666666666665,25344.25,25344.25,0.0,0.0,0.0,0.0,3569.970535714303,1160.25,0.3250026823450658,,-1000.0,-2000.0,,2025-10-23 21:27:00-04:00,2025-10-24 04:30:00-04:00,2025-10-23,2025-10-23,2025-10-24,2025-10-23 21:27:00,2025-10-24 04:30:00,2025-10,2025-10,0.0,5,0.0
LONG,ASIA_CONTINUATION,C2C3,B,PULLBACK_1M,25767.0,25742.0,25848.25,25789.5,25848.25,25.0,81.25,3.25,25766.25,25789.75,23.5,235.0,0.0009120457963420758,23.5,3593.470535714303,1160.25,0.322877282133988,,-1000.0,-2000.0,,2025-10-26 20:30:00-04:00,2025-10-26 22:05:00-04:00,2025-10-26,2025-10-26,2025-10-26,2025-10-26 20:30:00,2025-10-26 22:05:00,2025-10,2025-10,470.0,5,23.5
LONG,ASIA_CONTINUATION,C2C3,B,PULLBACK_1M,25767.0,25742.0,25848.25,25789.5,25848.25,25.0,81.25,3.25,25766.25,25848.25,82.0,820.0,0.003182457672342709,164.0,3757.470535714303,1160.25,0.3087848564538202,,-1000.0,-2000.0,,2025-10-26 20:30:00-04:00,2025-10-27 02:33:00-04:00,2025-10-26,2025-10-26,2025-10-27,2025-10-26 20:30:00,2025-10-27 02:33:00,2025-10,2025-10,1640.0,5,164.0
LONG,LONDON_CONTINUATION,iFVG,B,PULLBACK_1M,25986.0,25960.75,26299.0,26008.25,26299.0,25.25,313.0,12.396039603960396,25986.25,26008.25,22.0,220.0,0.0008466015681369843,22.0,3779.470535714303,1160.25,0.3069874441502209,,-1000.0,-2000.0,,2025-10-28 02:20:00-04:00,2025-10-28 04:14:00-04:00,2025-10-27,2025-10-27,2025-10-28,2025-10-28 02:20:00,2025-10-28 04:14:00,2025-10,2025-10,440.0,5,22.0
LONG,LONDON_CONTINUATION,iFVG,B,PULLBACK_1M,25986.0,25960.75,26299.0,26008.25,26299.0,25.25,313.0,12.396039603960396,25986.25,26173.5,187.25,1872.5,0.007205733801529668,374.5,4153.970535714303,1160.25,0.27931108081403067,,-1000.0,-2000.0,,2025-10-28 02:20:00-04:00,2025-10-28 16:56:00-04:00,2025-10-27,2025-10-27,2025-10-28,2025-10-28 02:20:00,2025-10-28 16:56:00,2025-10,2025-10,3745.0,5,374.5
LONG,ASIA_CONTINUATION,iFVG,B,PULLBACK_1M,26250.5,26220.75,26327.0,26268.25,26327.0,29.75,76.5,2.5714285714285716,26250.75,26279.5,28.75,287.5,0.0010952068036151896,28.75,4182.720535714303,1160.25,0.27739123139907756,,-1000.0,-2000.0,,2025-10-28 21:07:00-04:00,2025-10-28 22:24:00-04:00,2025-10-28,2025-10-28,2025-10-28,2025-10-28 21:07:00,2025-10-28 22:24:00,2025-10,2025-10,575.0,5,28.75
LONG,ASIA_CONTINUATION,iFVG,B,PULLBACK_1M,26250.5,26220.75,26327.0,26268.25,26327.0,29.75,76.5,2.5714285714285716,26250.75,26250.75,0.0,0.0,0.0,0.0,4182.720535714303,1160.25,0.27739123139907756,,-1000.0,-2000.0,,2025-10-28 21:07:00-04:00,2025-10-29 01:10:00-04:00,2025-10-28,2025-10-28,2025-10-29,2025-10-28 21:07:00,2025-10-29 01:10:00,2025-10,2025-10,0.0,5,0.0
LONG,ASIA_CONTINUATION,C2C3,B,PULLBACK_1M,26184.5,26157.282142857144,26399.0,26208.99607142857,26399.0,27.21785714285579,214.5,7.880855530770631,26181.0,26157.282142857144,-23.71785714285579,-237.17857142855792,-0.000905918686943008,-71.15357142856737,4111.566964285736,1160.25,0.28219168265487793,,-1000.0,-2000.0,,2025-10-30 22:28:00-04:00,2025-10-30 22:52:00-04:00,2025-10-30,2025-10-30,2025-10-30,2025-10-30 22:28:00,2025-10-30 22:52:00,2025-10,2025-10,-474.35714285711583,5,-71.15357142856737
LONG,ASIA_CONTINUATION,C2C3,B,PULLBACK_1M,26204.5,26179.5,26291.25,26227.0,26291.25,25.0,86.75,3.47,26203.5,26227.5,24.0,240.0,0.0009159081802050384,24.0,4135.566964285736,1160.25,0.2805540352797527,,-1000.0,-2000.0,,2025-10-31 03:29:00-04:00,2025-10-31 03:52:00-04:00,2025-10-30,2025-10-30,2025-10-31,2025-10-31 03:29:00,2025-10-31 03:52:00,2025-10,2025-10,480.0,5,24.0
LONG,ASIA_CONTINUATION,C2C3,B,PULLBACK_1M,26204.5,26179.5,26291.25,26227.0,26291.25,25.0,86.75,3.47,26203.5,26203.5,0.0,0.0,0.0,0.0,4135.566964285736,1160.25,0.2805540352797527,,-1000.0,-2000.0,,2025-10-31 03:29:00-04:00,2025-10-31 05:07:00-04:00,2025-10-30,2025-10-30,2025-10-31,2025-10-31 03:29:00,2025-10-31 05:07:00,2025-10,2025-10,0.0,5,0.0
LONG,ASIA_CONTINUATION,iFVG,B,PULLBACK_1M,26142.0,26116.0,26266.0,26163.5,26266.0,26.0,124.0,4.769230769230769,26141.0,26164.5,23.5,235.0,0.0008989709651505695,23.5,4159.066964285736,1160.25,0.27896881919987493,,-1000.0,-2000.0,,2025-11-03 00:22:00-05:00,2025-11-03 01:10:00-05:00,2025-11-02,2025-11-02,2025-11-03,2025-11-03 00:22:00,2025-11-03 01:10:00,2025-11,2025-11,470.0,5,23.5
LONG,ASIA_CONTINUATION,iFVG,B,PULLBACK_1M,26142.0,26116.0,26266.0,26163.5,26266.0,26.0,124.0,4.769230769230769,26141.0,26141.0,0.0,0.0,0.0,0.0,4159.066964285736,1160.25,0.27896881919987493,,-1000.0,-2000.0,,2025-11-03 00:22:00-05:00,2025-11-03 04:50:00-05:00,2025-11-02,2025-11-02,2025-11-03,2025-11-03 00:22:00,2025-11-03 04:50:00,2025-11,2025-11,0.0,5,0.0
SHORT,ASIA_CONTINUATION,iFVG,B,PULLBACK_1M,25258.5,25284.75,25178.5,25237.25,25178.5,26.25,80.0,3.0476190476190474,25258.5,25221.25,37.25,372.5,0.0014747510738959413,37.25,4196.316964285736,1160.25,0.27649245990584714,,-1000.0,-2000.0,,2025-11-06 23:40:00-05:00,2025-11-07 00:15:00-05:00,2025-11-06,2025-11-06,2025-11-07,2025-11-06 23:40:00,2025-11-07 00:15:00,2025-11,2025-11,745.0,5,37.25
SHORT,ASIA_CONTINUATION,iFVG,B,PULLBACK_1M,25258.5,25284.75,25178.5,25237.25,25178.5,26.25,80.0,3.0476190476190474,25258.5,25178.5,80.0,800.0,0.003167250628501317,160.0,4356.316964285736,1160.25,0.26633736927593726,,-1000.0,-2000.0,,2025-11-06 23:40:00-05:00,2025-11-07 01:09:00-05:00,2025-11-06,2025-11-06,2025-11-07,2025-11-06 23:40:00,2025-11-07 01:09:00,2025-11,2025-11,1600.0,5,160.0
SHORT,ASIA_CONTINUATION,C2C3,B,PULLBACK_1M,25569.25,25594.64375,24900.25,25546.395625,24900.25,25.393749999999272,669.0,26.345065222742573,25578.0,25553.75,24.25,242.5,0.0009480803815778982,24.25,4380.566964285736,1160.25,0.2648629753772483,,-1000.0,-2000.0,,2025-11-13 02:02:00-05:00,2025-11-13 02:07:00-05:00,2025-11-12,2025-11-12,2025-11-13,2025-11-13 02:02:00,2025-11-13 02:07:00,2025-11,2025-11,485.0,5,24.25
SHORT,ASIA_CONTINUATION,C2C3,B,PULLBACK_1M,25569.25,25594.64375,24900.25,25546.395625,24900.25,25.393749999999272,669.0,26.345065222742573,25578.0,25594.64375,-16.643749999999272,-166.43749999999272,-0.0006507056845725945,-33.287499999998545,4347.279464285737,1160.25,0.266891054401222,,-1000.0,-2000.0,,2025-11-13 02:02:00-05:00,2025-11-13 02:36:00-05:00,2025-11-12,2025-11-12,2025-11-13,2025-11-13 02:02:00,2025-11-13 02:36:00,2025-11,2025-11,-332.87499999998545,5,-33.287499999998545
SHORT,LONDON_CONTINUATION,iFVG,B,PULLBACK_1M,24751.75,24791.25,24626.0,24743.75,24626.0,39.5,125.75,3.1835443037974684,24751.75,24690.0,61.75,617.5,0.0024947730968517545,61.75,4409.029464285737,1160.25,0.26315315182135224,,-1000.0,-2000.0,,2025-11-14 02:32:00-05:00,2025-11-14 02:40:00-05:00,2025-11-13,2025-11-13,2025-11-14,2025-11-14 02:32:00,2025-11-14 02:40:00,2025-11,2025-11,1235.0,5,61.75
SHORT,LONDON_CONTINUATION,iFVG,B,PULLBACK_1M,24751.75,24791.25,24626.0,24743.75,24626.0,39.5,125.75,3.1835443037974684,24751.75,24751.75,0.0,0.0,-0.0,-0.0,4409.029464285737,1160.25,0.26315315182135224,,-1000.0,-2000.0,,2025-11-14 02:32:00-05:00,2025-11-14 03:01:00-05:00,2025-11-13,2025-11-13,2025-11-14,2025-11-14 02:32:00,2025-11-14 03:01:00,2025-11,2025-11,0.0,5,-0.0
SHORT,NYPM_CONTINUATION,iFVG,A,PULLBACK_1M,24865.75,24894.791964285716,24603.75,24839.612232142856,24603.75,29.04196428571595,262.0,9.02142835183027,24868.5,24894.791964285716,-26.29196428571595,-262.9196428571595,-0.0010572396519981098,-105.1678571428638,4303.861607142873,1160.25,0.2695834824415356,,-1000.0,-2000.0,,2025-11-17 14:59:00-05:00,2025-11-17 15:06:00-05:00,2025-11-16,2025-11-16,2025-11-17,2025-11-17 14:59:00,2025-11-17 15:06:00,2025-11,2025-11,-525.839285714319,10,-105.1678571428638
SHORT,NYAM_CONTINUATION,iFVG,B,PULLBACK_1M,24672.0,24718.303571428572,24376.25,24670.226785714283,24376.25,46.30357142857247,295.75,6.3871962977245,24672.75,24626.5,46.25,462.5,0.001874537698473011,46.25,4350.111607142873,1160.25,0.26671729481488987,,-1000.0,-2000.0,,2025-11-18 10:26:00-05:00,2025-11-18 10:50:00-05:00,2025-11-17,2025-11-17,2025-11-18,2025-11-18 10:26:00,2025-11-18 10:50:00,2025-11,2025-11,925.0,5,46.25
SHORT,NYAM_CONTINUATION,iFVG,B,PULLBACK_1M,24672.0,24718.303571428572,24376.25,24670.226785714283,24376.25,46.30357142857247,295.75,6.3871962977245,24672.75,24637.75,35.0,350.0,0.0014185690691147501,105.0,4455.111607142873,1160.25,0.2604311860874087,,-1000.0,-2000.0,,2025-11-18 10:26:00-05:00,2025-11-18 16:56:00-05:00,2025-11-17,2025-11-17,2025-11-18,2025-11-18 10:26:00,2025-11-18 16:56:00,2025-11,2025-11,700.0,5,105.0
LONG,LONDON_CONTINUATION,iFVG,B,PULLBACK_1M,25227.0,25192.2625,25376.0,25249.23875,25376.0,34.73749999999927,149.0,4.289312702411029,25226.75,25265.0,38.25,382.5,0.0015162476339600772,38.25,4493.361607142873,1160.25,0.2582142505859329,,-1000.0,-2000.0,,2025-11-26 04:29:00-05:00,2025-11-26 04:33:00-05:00,2025-11-25,2025-11-25,2025-11-26,2025-11-26 04:29:00,2025-11-26 04:33:00,2025-11,2025-11,765.0,5,38.25
LONG,LONDON_CONTINUATION,iFVG,B,PULLBACK_1M,25227.0,25192.2625,25376.0,25249.23875,25376.0,34.73749999999927,149.0,4.289312702411029,25226.75,25192.2625,-34.48749999999927,-344.8749999999927,-0.0013671003993775965,-68.97499999999854,4424.386607142875,1160.25,0.2622397414653716,,-1000.0,-2000.0,,2025-11-26 04:29:00-05:00,2025-11-26 04:38:00-05:00,2025-11-25,2025-11-25,2025-11-26,2025-11-26 04:29:00,2025-11-26 04:38:00,2025-11,2025-11,-689.7499999999854,5,-68.97499999999854
LONG,NYPM_CONTINUATION,iFVG,A,PULLBACK_1M,25339.5,25314.5,25420.75,25362.0,25420.75,25.0,81.25,3.25,25338.0,25360.75,22.75,227.5,0.0008978609203567078,22.75,4447.136607142875,1160.25,0.2608982144007982,,-1000.0,-2000.0,,2025-11-27 14:06:00-05:00,2025-11-27 15:22:00-05:00,2025-11-26,2025-11-26,2025-11-27,2025-11-27 14:06:00,2025-11-27 15:22:00,2025-11,2025-11,455.0,5,22.75
LONG,NYPM_CONTINUATION,iFVG,A,PULLBACK_1M,25339.5,25314.5,25420.75,25362.0,25420.75,25.0,81.25,3.25,25338.0,25369.0,31.0,310.0,0.001223458836530078,62.0,4509.136607142875,1160.25,0.25731090030895504,,-1000.0,-2000.0,,2025-11-27 14:06:00-05:00,2025-11-28 03:31:00-05:00,2025-11-26,2025-11-27,2025-11-28,2025-11-27 14:06:00,2025-11-28 03:31:00,2025-11,2025-11,620.0,5,62.0
LONG,ASIA_CONTINUATION,C2C3,B,PULLBACK_1M,25383.5,25352.25,25546.0,25399.75,25546.0,31.25,162.5,5.2,25383.75,25352.25,-31.5,-315.0,-0.0012409513960702778,-94.5,4414.636607142875,1160.25,0.2628189142731969,,-1000.0,-2000.0,,2025-12-01 20:56:00-05:00,2025-12-01 21:40:00-05:00,2025-12-01,2025-12-01,2025-12-01,2025-12-01 20:56:00,2025-12-01 21:40:00,2025-12,2025-12,-630.0,5,-94.5
LONG,ASIA_CONTINUATION,iFVG,B,PULLBACK_1M,25453.25,25428.25,25676.75,25475.75,25676.75,25.0,223.5,8.94,25452.75,25481.0,28.25,282.5,0.0011098997161407276,28.25,4442.886607142875,1160.25,0.2611477857964356,,-1000.0,-2000.0,,2025-12-02 00:08:00-05:00,2025-12-02 00:46:00-05:00,2025-12-01,2025-12-01,2025-12-02,2025-12-02 00:08:00,2025-12-02 00:46:00,2025-12,2025-12,565.0,5,28.25
LONG,ASIA_CONTINUATION,iFVG,B,PULLBACK_1M,25453.25,25428.25,25676.75,25475.75,25676.75,25.0,223.5,8.94,25452.75,25452.75,0.0,0.0,0.0,0.0,4442.886607142875,1160.25,0.2611477857964356,,-1000.0,-2000.0,,2025-12-02 00:08:00-05:00,2025-12-02 06:26:00-05:00,2025-12-01,2025-12-01,2025-12-02,2025-12-02 00:08:00,2025-12-02 06:26:00,2025-12,2025-12,0.0,5,0.0
LONG,ASIA_CONTINUATION,C2C3,B,PULLBACK_1M,25657.5,25632.5,25738.75,25680.0,25738.75,25.0,81.25,3.25,25654.5,25632.5,-22.0,-220.0,-0.0008575493578124593,-66.0,4376.886607142875,1160.25,0.2650856885591978,,-1000.0,-2000.0,,2025-12-02 20:45:00-05:00,2025-12-02 22:22:00-05:00,2025-12-02,2025-12-02,2025-12-02,2025-12-02 20:45:00,2025-12-02 22:22:00,2025-12,2025-12,-440.0,5,-66.0
LONG,NYPM_CONTINUATION,iFVG,A,PULLBACK_1M,25653.75,25624.0,25755.75,25671.5,25755.75,29.75,102.0,3.4285714285714284,25653.5,25681.5,28.0,280.0,0.0010914690003314131,28.0,4404.886607142875,1160.25,0.2634006510221085,,-1000.0,-2000.0,,2025-12-04 14:38:00-05:00,2025-12-04 15:49:00-05:00,2025-12-03,2025-12-03,2025-12-04,2025-12-04 14:38:00,2025-12-04 15:49:00,2025-12,2025-12,560.0,5,28.0
LONG,NYPM_CONTINUATION,iFVG,A,PULLBACK_1M,25653.75,25624.0,25755.75,25671.5,25755.75,29.75,102.0,3.4285714285714284,25653.5,25685.5,32.0,320.0,0.0012473931432357421,64.0,4468.886607142875,1160.25,0.2596284269431913,,-1000.0,-2000.0,,2025-12-04 14:38:00-05:00,2025-12-04 16:56:00-05:00,2025-12-03,2025-12-03,2025-12-04,2025-12-04 14:38:00,2025-12-04 16:56:00,2025-12,2025-12,640.0,5,64.0
LONG,ASIA_CONTINUATION,iFVG,B,PULLBACK_1M,25726.75,25700.25,25806.5,25747.75,25806.5,26.5,79.75,3.009433962264151,25726.75,25700.25,-26.5,-265.0,-0.0010300562643941191,-79.5,4389.386607142875,1160.25,0.2643307832834589,,-1000.0,-2000.0,,2025-12-04 21:53:00-05:00,2025-12-05 02:22:00-05:00,2025-12-04,2025-12-04,2025-12-05,2025-12-04 21:53:00,2025-12-05 02:22:00,2025-12,2025-12,-530.0,5,-79.5
LONG,ASIA_CONTINUATION,iFVG,B,PULLBACK_1M,25790.0,25765.0,25871.25,25812.5,25871.25,25.0,81.25,3.25,25789.0,25765.0,-24.0,-240.0,-0.00093062933808985,-72.0,4317.386607142875,1160.25,0.26873896307558637,,-1000.0,-2000.0,,2025-12-08 00:30:00-05:00,2025-12-08 02:01:00-05:00,2025-12-07,2025-12-07,2025-12-08,2025-12-08 00:30:00,2025-12-08 02:01:00,2025-12,2025-12,-480.0,5,-72.0
LONG,LONDON_CONTINUATION,iFVG,B,PULLBACK_1M,25810.75,25782.74017857143,25901.781919642857,25835.958839285715,25901.781919642857,28.00982142857174,91.03191964285725,3.2499999999999676,25809.0,25782.74017857143,-26.25982142857174,-262.5982142857174,-0.0010174676054310883,-78.77946428571522,4238.6071428571595,1160.25,0.2737337905814736,,-1000.0,-2000.0,,2025-12-08 03:55:00-05:00,2025-12-08 04:27:00-05:00,2025-12-07,2025-12-07,2025-12-08,2025-12-08 03:55:00,2025-12-08 04:27:00,2025-12,2025-12,-525.1964285714348,5,-78.77946428571522
LONG,NYPM_CONTINUATION,MSS,A,PULLBACK_1M,25720.5,25694.5,25860.75,25742.0,25860.75,26.0,140.25,5.394230769230769,25721.0,25694.5,-26.5,-265.0,-0.0010302865362933344,-79.5,4159.1071428571595,1160.25,0.2789661242540026,,-1000.0,-2000.0,,2025-12-08 14:36:00-05:00,2025-12-08 15:33:00-05:00,2025-12-07,2025-12-07,2025-12-08,2025-12-08 14:36:00,2025-12-08 15:33:00,2025-12,2025-12,-530.0,10,-79.5
LONG,ASIA_CONTINUATION,iFVG,B,PULLBACK_1M,25703.5,25678.5,25860.75,25726.0,25860.75,25.0,157.25,6.29,25703.75,25727.0,23.25,232.5,0.0009045372756892878,23.25,4182.3571428571595,1160.25,0.277415333117004,,-1000.0,-2000.0,,2025-12-09 21:05:00-05:00,2025-12-09 21:49:00-05:00,2025-12-09,2025-12-09,2025-12-09,2025-12-09 21:05:00,2025-12-09 21:49:00,2025-12,2025-12,465.0,5,23.25
LONG,ASIA_CONTINUATION,iFVG,B,PULLBACK_1M,25703.5,25678.5,25860.75,25726.0,25860.75,25.0,157.25,6.29,25703.75,25678.5,-25.25,-252.5,-0.0009823469338131607,-50.5,4131.8571428571595,1160.25,0.2808059329945015,,-1000.0,-2000.0,,2025-12-09 21:05:00-05:00,2025-12-10 00:24:00-05:00,2025-12-09,2025-12-09,2025-12-10,2025-12-09 21:05:00,2025-12-10 00:24:00,2025-12,2025-12,-505.0,5,-50.5
LONG,ASIA_CONTINUATION,iFVG,B,PULLBACK_1M,25715.5,25688.5,25794.75,25736.0,25794.75,27.0,79.25,2.935185185185185,25715.5,25741.25,25.75,257.5,0.0010013416033132216,25.75,4157.6071428571595,1160.25,0.279066770893284,,-1000.0,-2000.0,,2025-12-22 00:26:00-05:00,2025-12-22 03:03:00-05:00,2025-12-21,2025-12-21,2025-12-22,2025-12-22 00:26:00,2025-12-22 03:03:00,2025-12,2025-12,515.0,5,25.75
LONG,ASIA_CONTINUATION,iFVG,B,PULLBACK_1M,25715.5,25688.5,25794.75,25736.0,25794.75,27.0,79.25,2.935185185185185,25715.5,25715.5,0.0,0.0,0.0,0.0,4157.6071428571595,1160.25,0.279066770893284,,-1000.0,-2000.0,,2025-12-22 00:26:00-05:00,2025-12-22 04:33:00-05:00,2025-12-21,2025-12-21,2025-12-22,2025-12-22 00:26:00,2025-12-22 04:33:00,2025-12,2025-12,0.0,5,0.0
LONG,LONDON_CONTINUATION,iFVG,B,PULLBACK_1M,25822.25,25791.0,25897.25,25838.5,25897.25,31.25,75.0,2.4,25822.75,25791.0,-31.75,-317.5,-0.0012295359711882448,-95.25,4062.3571428571595,1160.25,0.2856100434300975,,-1000.0,-2000.0,,2025-12-24 03:31:00-05:00,2025-12-24 04:30:00-05:00,2025-12-23,2025-12-23,2025-12-24,2025-12-24 03:31:00,2025-12-24 04:30:00,2025-12,2025-12,-635.0,5,-95.25
LONG,ASIA_CONTINUATION,iFVG,B,PULLBACK_1M,25866.25,25837.0,25943.25,25884.5,25943.25,29.25,77.0,2.6324786324786325,25866.5,25894.25,27.75,277.5,0.001072816190825998,27.75,4090.1071428571595,1160.25,0.28367227543812046,,-1000.0,-2000.0,,2025-12-25 23:34:00-05:00,2025-12-26 02:40:00-05:00,2025-12-25,2025-12-25,2025-12-26,2025-12-25 23:34:00,2025-12-26 02:40:00,2025-12,2025-12,555.0,5,27.75
LONG,ASIA_CONTINUATION,iFVG,B,PULLBACK_1M,25866.25,25837.0,25943.25,25884.5,25943.25,29.25,77.0,2.6324786324786325,25866.5,25866.5,0.0,0.0,0.0,0.0,4090.1071428571595,1160.25,0.28367227543812046,,-1000.0,-2000.0,,2025-12-25 23:34:00-05:00,2025-12-26 05:01:00-05:00,2025-12-25,2025-12-25,2025-12-26,2025-12-25 23:34:00,2025-12-26 05:01:00,2025-12,2025-12,0.0,5,0.0
LONG,ASIA_CONTINUATION,iFVG,B,PULLBACK_1M,25694.5,25663.0,25769.25,25710.5,25769.25,31.5,74.75,2.373015873015873,25694.5,25727.25,32.75,327.5,0.0012745918387202515,32.75,4122.8571428571595,1160.25,0.2814189189189178,,-1000.0,-2000.0,,2026-01-01 22:44:00-05:00,2026-01-01 23:09:00-05:00,2026-01-01,2026-01-01,2026-01-01,2026-01-01 22:44:00,2026-01-01 23:09:00,2026-01,2026-01,655.0,5,32.75
LONG,ASIA_CONTINUATION,iFVG,B,PULLBACK_1M,25694.5,25663.0,25769.25,25710.5,25769.25,31.5,74.75,2.373015873015873,25694.5,25663.0,-31.5,-315.0,-0.0012259432952577143,-63.0,4059.8571428571595,1160.25,0.28578591787184515,,-1000.0,-2000.0,,2026-01-01 22:44:00-05:00,2026-01-02 04:22:00-05:00,2026-01-01,2026-01-01,2026-01-02,2026-01-01 22:44:00,2026-01-02 04:22:00,2026-01,2026-01,-630.0,5,-63.0
SHORT,ASIA_CONTINUATION,iFVG,B,PULLBACK_1M,25568.25,25596.75,25406.5,25549.25,25406.5,28.5,161.75,5.675438596491228,25567.75,25596.75,-29.0,-290.0,-0.0011342413782988725,-87.0,3972.8571428571595,1160.25,0.2920442286947129,,-1000.0,-2000.0,,2026-01-05 23:08:00-05:00,2026-01-05 23:54:00-05:00,2026-01-05,2026-01-05,2026-01-05,2026-01-05 23:08:00,2026-01-05 23:54:00,2026-01,2026-01,-580.0,5,-87.0
LONG,ASIA_CONTINUATION,C2C3,B,PULLBACK_1M,25739.75,25714.75,25996.25,25762.25,25996.25,25.0,256.5,10.26,25740.25,25762.75,22.5,225.0,0.0008741173842523597,22.5,3995.3571428571595,1160.25,0.2903995709305432,,-1000.0,-2000.0,,2026-01-07 01:00:00-05:00,2026-01-07 01:54:00-05:00,2026-01-06,2026-01-06,2026-01-07,2026-01-07 01:00:00,2026-01-07 01:54:00,2026-01,2026-01,450.0,5,22.5
LONG,ASIA_CONTINUATION,C2C3,B,PULLBACK_1M,25739.75,25714.75,25996.25,25762.25,25996.25,25.0,256.5,10.26,25740.25,25791.75,51.5,515.0,0.0020007575683997914,103.0,4098.3571428571595,1160.25,0.28310124265820685,,-1000.0,-2000.0,,2026-01-07 01:00:00-05:00,2026-01-07 16:56:00-05:00,2026-01-06,2026-01-06,2026-01-07,2026-01-07 01:00:00,2026-01-07 16:56:00,2026-01,2026-01,1030.0,5,103.0
LONG,ASIA_CONTINUATION,iFVG,B,PULLBACK_1M,25728.75,25697.75,25985.5,25745.25,25985.5,31.0,256.75,8.28225806451613,25729.5,25758.25,28.75,287.5,0.0011173944305173933,28.75,4127.1071428571595,1160.25,0.2811291201896855,,-1000.0,-2000.0,,2026-01-09 00:38:00-05:00,2026-01-09 01:36:00-05:00,2026-01-08,2026-01-08,2026-01-09,2026-01-09 00:38:00,2026-01-09 01:36:00,2026-01,2026-01,575.0,5,28.75
LONG,ASIA_CONTINUATION,iFVG,B,PULLBACK_1M,25728.75,25697.75,25985.5,25745.25,25985.5,31.0,256.75,8.28225806451613,25729.5,25729.5,0.0,0.0,0.0,0.0,4127.1071428571595,1160.25,0.2811291201896855,,-1000.0,-2000.0,,2026-01-09 00:38:00-05:00,2026-01-09 04:19:00-05:00,2026-01-08,2026-01-08,2026-01-09,2026-01-09 00:38:00,2026-01-09 04:19:00,2026-01,2026-01,0.0,5,0.0
LONG,LONDON_CONTINUATION,iFVG,B,PULLBACK_1M,25961.0,25925.5,26045.5,25973.0,26045.5,35.5,84.5,2.380281690140845,25960.25,26009.25,49.0,490.0,0.0018875010833871997,49.0,4176.1071428571595,1160.25,0.27783051543217685,,-1000.0,-2000.0,,2026-01-13 04:34:00-05:00,2026-01-13 04:40:00-05:00,2026-01-12,2026-01-12,2026-01-13,2026-01-13 04:34:00,2026-01-13 04:40:00,2026-01,2026-01,980.0,5,49.0
LONG,LONDON_CONTINUATION,iFVG,B,PULLBACK_1M,25961.0,25925.5,26045.5,25973.0,26045.5,35.5,84.5,2.380281690140845,25960.25,25960.25,0.0,0.0,0.0,0.0,4176.1071428571595,1160.25,0.27783051543217685,,-1000.0,-2000.0,,2026-01-13 04:34:00-05:00,2026-01-13 04:43:00-05:00,2026-01-12,2026-01-12,2026-01-13,2026-01-13 04:34:00,2026-01-13 04:43:00,2026-01,2026-01,0.0,5,0.0
LONG,ASIA_CONTINUATION,iFVG,B,PULLBACK_1M,25689.25,25664.25,26045.5,25711.75,26045.5,25.0,356.25,14.25,25689.5,25719.5,30.0,300.0,0.0011677922886783598,30.0,4206.1071428571595,1160.25,0.2758488931910222,,-1000.0,-2000.0,,2026-01-14 21:32:00-05:00,2026-01-14 22:10:00-05:00,2026-01-14,2026-01-14,2026-01-14,2026-01-14 21:32:00,2026-01-14 22:10:00,2026-01,2026-01,600.0,5,30.0
LONG,ASIA_CONTINUATION,iFVG,B,PULLBACK_1M,25689.25,25664.25,26045.5,25711.75,26045.5,25.0,356.25,14.25,25689.5,25689.5,0.0,0.0,0.0,0.0,4206.1071428571595,1160.25,0.2758488931910222,,-1000.0,-2000.0,,2026-01-14 21:32:00-05:00,2026-01-15 10:39:00-05:00,2026-01-14,2026-01-14,2026-01-15,2026-01-14 21:32:00,2026-01-15 10:39:00,2026-01,2026-01,0.0,5,0.0
LONG,ASIA_CONTINUATION,iFVG,B,PULLBACK_1M,25823.25,25798.25,25952.75,25845.75,25952.75,25.0,129.5,5.18,25823.5,25798.25,-25.25,-252.5,-0.0009777915464596054,-75.75,4130.3571428571595,1160.25,0.2809079118028523,,-1000.0,-2000.0,,2026-01-15 20:48:00-05:00,2026-01-15 22:40:00-05:00,2026-01-15,2026-01-15,2026-01-15,2026-01-15 20:48:00,2026-01-15 22:40:00,2026-01,2026-01,-505.0,5,-75.75
SHORT,ASIA_CONTINUATION,iFVG,B,PULLBACK_1M,25233.25,25262.0,25095.25,25214.5,25095.25,28.75,138.0,4.8,25233.0,25198.0,35.0,350.0,0.0013870724844449178,35.0,4165.3571428571595,1160.25,0.2785475435136746,,-1000.0,-2000.0,,2026-01-19 22:20:00-05:00,2026-01-19 22:36:00-05:00,2026-01-19,2026-01-19,2026-01-19,2026-01-19 22:20:00,2026-01-19 22:36:00,2026-01,2026-01,700.0,5,35.0
SHORT,ASIA_CONTINUATION,iFVG,B,PULLBACK_1M,25233.25,25262.0,25095.25,25214.5,25095.25,28.75,138.0,4.8,25233.0,25233.0,0.0,0.0,-0.0,-0.0,4165.3571428571595,1160.25,0.2785475435136746,,-1000.0,-2000.0,,2026-01-19 22:20:00-05:00,2026-01-20 02:10:00-05:00,2026-01-19,2026-01-19,2026-01-20,2026-01-19 22:20:00,2026-01-20 02:10:00,2026-01,2026-01,0.0,5,-0.0
LONG,ASIA_CONTINUATION,iFVG,B,PULLBACK_1M,25700.25,25675.25,25845.75,25722.75,25845.75,25.0,145.5,5.82,25696.75,25727.25,30.5,305.0,0.0011869205249690484,30.5,4195.8571428571595,1160.25,0.2765227605461158,,-1000.0,-2000.0,,2026-01-25 21:52:00-05:00,2026-01-25 22:24:00-05:00,2026-01-25,2026-01-25,2026-01-25,2026-01-25 21:52:00,2026-01-25 22:24:00,2026-01,2026-01,610.0,5,30.5
LONG,ASIA_CONTINUATION,iFVG,B,PULLBACK_1M,25700.25,25675.25,25845.75,25722.75,25845.75,25.0,145.5,5.82,25696.75,25675.25,-21.5,-215.0,-0.0008366816815356115,-43.0,4152.8571428571595,1160.25,0.27938596491227957,,-1000.0,-2000.0,,2026-01-25 21:52:00-05:00,2026-01-25 23:30:00-05:00,2026-01-25,2026-01-25,2026-01-25,2026-01-25 21:52:00,2026-01-25 23:30:00,2026-01,2026-01,-430.0,5,-43.0
LONG,LONDON_CONTINUATION,MSS,A,PULLBACK_1M,25756.25,25691.5,26028.25,25739.0,26028.25,64.75,272.0,4.2007722007722,25756.5,25817.5,61.0,610.0,0.002368334206899192,61.0,4213.8571428571595,1160.25,0.2753415601586591,,-1000.0,-2000.0,,2026-01-26 04:32:00-05:00,2026-01-26 04:42:00-05:00,2026-01-25,2026-01-25,2026-01-26,2026-01-26 04:32:00,2026-01-26 04:42:00,2026-01,2026-01,1220.0,5,61.0
LONG,LONDON_CONTINUATION,MSS,A,PULLBACK_1M,25756.25,25691.5,26028.25,25739.0,26028.25,64.75,272.0,4.2007722007722,25756.5,25962.25,205.75,2057.5,0.007988274804418216,411.5,4625.3571428571595,1160.25,0.25084549455640404,,-1000.0,-2000.0,,2026-01-26 04:32:00-05:00,2026-01-26 16:56:00-05:00,2026-01-25,2026-01-25,2026-01-26,2026-01-26 04:32:00,2026-01-26 16:56:00,2026-01,2026-01,4115.0,5,411.5
LONG,ASIA_CONTINUATION,iFVG,B,PULLBACK_1M,25984.75,25959.75,26066.0,26007.25,26066.0,25.0,81.25,3.25,25979.25,26001.0,21.75,217.5,0.0008372066168191861,21.75,4647.1071428571595,1160.25,0.24967145459156528,,-1000.0,-2000.0,,2026-01-26 22:43:00-05:00,2026-01-27 00:49:00-05:00,2026-01-26,2026-01-26,2026-01-27,2026-01-26 22:43:00,2026-01-27 00:49:00,2026-01,2026-01,435.0,5,21.75
LONG,ASIA_CONTINUATION,iFVG,B,PULLBACK_1M,25984.75,25959.75,26066.0,26007.25,26066.0,25.0,81.25,3.25,25979.25,25979.25,0.0,0.0,0.0,0.0,4647.1071428571595,1160.25,0.24967145459156528,,-1000.0,-2000.0,,2026-01-26 22:43:00-05:00,2026-01-27 04:30:00-05:00,2026-01-26,2026-01-26,2026-01-27,2026-01-26 22:43:00,2026-01-27 04:30:00,2026-01,2026-01,0.0,5,0.0
LONG,NYPM_CONTINUATION,iFVG,A,PULLBACK_1M,26168.5,26143.22857142857,26349.0,26191.244285714285,26349.0,25.27142857142826,180.5,7.142453363482281,26166.75,26190.25,23.5,235.0,0.0008980863118270843,23.5,4670.6071428571595,1160.25,0.24841524121213887,,-1000.0,-2000.0,,2026-01-27 14:26:00-05:00,2026-01-27 14:36:00-05:00,2026-01-26,2026-01-26,2026-01-27,2026-01-27 14:26:00,2026-01-27 14:36:00,2026-01,2026-01,470.0,10,23.5
LONG,NYPM_CONTINUATION,iFVG,A,PULLBACK_1M,26168.5,26143.22857142857,26349.0,26191.244285714285,26349.0,25.27142857142826,180.5,7.142453363482281,26166.75,26216.0,49.25,492.5,0.001882159610956613,98.5,4769.1071428571595,1160.25,0.24328453214512963,,-1000.0,-2000.0,,2026-01-27 14:26:00-05:00,2026-01-27 16:56:00-05:00,2026-01-26,2026-01-26,2026-01-27,2026-01-27 14:26:00,2026-01-27 16:56:00,2026-01,2026-01,985.0,10,98.5
LONG,ASIA_CONTINUATION,C2C3,B,PULLBACK_1M,26319.0,26287.38482142857,26410.061830357143,26342.228660714285,26410.061830357143,31.61517857142826,91.06183035714275,2.8803199751475863,26319.25,26287.38482142857,-31.86517857142826,-318.6517857142826,-0.0012107175763529376,-95.59553571428478,4673.511607142875,1160.25,0.24826085768711986,,-1000.0,-2000.0,,2026-01-27 21:45:00-05:00,2026-01-27 22:18:00-05:00,2026-01-27,2026-01-27,2026-01-27,2026-01-27 21:45:00,2026-01-27 22:18:00,2026-01,2026-01,-637.3035714285652,5,-95.59553571428478
LONG,ASIA_CONTINUATION,C2C3,B,PULLBACK_1M,26294.75,26269.75,26376.0,26317.25,26376.0,25.0,81.25,3.25,26292.5,26314.75,22.25,222.5,0.0008462489303033838,22.25,4695.761607142875,1160.25,0.2470845194174905,,-1000.0,-2000.0,,2026-01-28 00:23:00-05:00,2026-01-28 00:44:00-05:00,2026-01-27,2026-01-27,2026-01-28,2026-01-28 00:23:00,2026-01-28 00:44:00,2026-01,2026-01,445.0,5,22.25
LONG,ASIA_CONTINUATION,C2C3,B,PULLBACK_1M,26294.75,26269.75,26376.0,26317.25,26376.0,25.0,81.25,3.25,26292.5,26269.75,-22.75,-227.5,-0.000865265760197742,-45.5,4650.261607142875,1160.25,0.24950209214420063,,-1000.0,-2000.0,,2026-01-28 00:23:00-05:00,2026-01-28 02:12:00-05:00,2026-01-27,2026-01-27,2026-01-28,2026-01-28 00:23:00,2026-01-28 02:12:00,2026-01,2026-01,-455.0,5,-45.5
LONG,ASIA_CONTINUATION,iFVG,B,PULLBACK_1M,26256.25,26231.25,26349.0,26278.75,26349.0,25.0,92.75,3.71,26254.25,26231.25,-23.0,-230.0,-0.0008760486397439982,-69.0,4581.261607142875,1160.25,0.25325993132350183,,-1000.0,-2000.0,,2026-01-28 20:08:00-05:00,2026-01-28 22:03:00-05:00,2026-01-28,2026-01-28,2026-01-28,2026-01-28 20:08:00,2026-01-28 22:03:00,2026-01,2026-01,-460.0,5,-69.0
SHORT,LONDON_CONTINUATION,iFVG,B,PULLBACK_1M,25390.75,25431.0,24783.5,25383.5,24783.5,40.25,607.25,15.08695652173913,25391.0,25349.25,41.75,417.5,0.0016442834075065527,41.75,4623.011607142875,1160.25,0.25097276377315014,,-1000.0,-2000.0,,2026-02-04 03:05:00-05:00,2026-02-04 03:50:00-05:00,2026-02-03,2026-02-03,2026-02-04,2026-02-04 03:05:00,2026-02-04 03:50:00,2026-02,2026-02,835.0,5,41.75
SHORT,LONDON_CONTINUATION,iFVG,B,PULLBACK_1M,25390.75,25431.0,24783.5,25383.5,24783.5,40.25,607.25,15.08695652173913,25391.0,25000.5,390.5,3905.0,0.015379465164822137,781.0,5404.011607142875,1160.25,0.2147016113855887,,-1000.0,-2000.0,,2026-02-04 03:05:00-05:00,2026-02-04 16:56:00-05:00,2026-02-03,2026-02-03,2026-02-04,2026-02-04 03:05:00,2026-02-04 16:56:00,2026-02,2026-02,7810.0,5,781.0
SHORT,ASIA_CONTINUATION,iFVG,B,PULLBACK_1M,25270.5,25295.5,24955.5,25248.0,24955.5,25.0,315.0,12.6,25272.5,25246.75,25.75,257.5,0.0010188940548025993,25.75,5429.761607142875,1160.25,0.21368341447508232,,-1000.0,-2000.0,,2026-02-10 20:46:00-05:00,2026-02-10 22:08:00-05:00,2026-02-10,2026-02-10,2026-02-10,2026-02-10 20:46:00,2026-02-10 22:08:00,2026-02,2026-02,515.0,5,25.75
SHORT,ASIA_CONTINUATION,iFVG,B,PULLBACK_1M,25270.5,25295.5,24955.5,25248.0,24955.5,25.0,315.0,12.6,25272.5,25272.5,0.0,0.0,-0.0,-0.0,5429.761607142875,1160.25,0.21368341447508232,,-1000.0,-2000.0,,2026-02-10 20:46:00-05:00,2026-02-10 23:05:00-05:00,2026-02-10,2026-02-10,2026-02-10,2026-02-10 20:46:00,2026-02-10 23:05:00,2026-02,2026-02,0.0,5,-0.0
SHORT,LONDON_CONTINUATION,C2C3,A,PULLBACK_1M,24579.25,24609.25,24449.25,24561.75,24449.25,30.0,130.0,4.333333333333333,24579.5,24549.5,30.0,300.0,0.001220529302874307,30.0,5459.761607142875,1160.25,0.2125092785153976,,-1000.0,-2000.0,,2026-02-17 02:49:00-05:00,2026-02-17 03:07:00-05:00,2026-02-16,2026-02-16,2026-02-17,2026-02-17 02:49:00,2026-02-17 03:07:00,2026-02,2026-02,600.0,5,30.0
SHORT,LONDON_CONTINUATION,C2C3,A,PULLBACK_1M,24579.25,24609.25,24449.25,24561.75,24449.25,30.0,130.0,4.333333333333333,24579.5,24609.25,-29.75,-297.5,-0.0012103582253504275,-89.25,5370.511607142875,1160.25,0.2160408700088921,,-1000.0,-2000.0,,2026-02-17 02:49:00-05:00,2026-02-17 03:23:00-05:00,2026-02-16,2026-02-16,2026-02-17,2026-02-17 02:49:00,2026-02-17 03:23:00,2026-02,2026-02,-595.0,5,-89.25
SHORT,LONDON_CONTINUATION,iFVG,B,PULLBACK_1M,24807.5,24832.5,24678.5,24785.0,24678.5,25.0,129.0,5.16,24807.5,24832.5,-25.0,-250.0,-0.0010077597500754987,-100.0,5270.511607142875,1160.25,0.22013991932539684,,-1000.0,-2000.0,,2026-02-20 02:30:00-05:00,2026-02-20 03:03:00-05:00,2026-02-19,2026-02-19,2026-02-20,2026-02-20 02:30:00,2026-02-20 03:03:00,2026-02,2026-02,-500.0,5,-100.0
SHORT,ASIA_CONTINUATION,C2C3,B,PULLBACK_1M,24803.25,24833.75,24668.0,24786.25,24668.0,30.5,135.25,4.434426229508197,24803.0,24833.75,-30.75,-307.5,-0.0012397693827359557,-123.0,5147.511607142875,1160.25,0.2254001716848962,,-1000.0,-2000.0,,2026-02-23 23:05:00-05:00,2026-02-23 23:14:00-05:00,2026-02-23,2026-02-23,2026-02-23,2026-02-23 23:05:00,2026-02-23 23:14:00,2026-02,2026-02,-615.0,5,-123.0
LONG,LONDON_CONTINUATION,C2C3,A,PULLBACK_1M,25156.0,25122.04642857143,25401.5,25176.108214285712,25401.5,33.953571428570285,245.5,7.230461765015495,25156.5,25211.75,55.25,552.5,0.0021962514658240284,55.25,5202.761607142875,1160.25,0.2230065660527463,,-1000.0,-2000.0,,2026-02-25 03:56:00-05:00,2026-02-25 04:31:00-05:00,2026-02-24,2026-02-24,2026-02-25,2026-02-25 03:56:00,2026-02-25 04:31:00,2026-02,2026-02,1105.0,10,55.25
LONG,LONDON_CONTINUATION,C2C3,A,PULLBACK_1M,25156.0,25122.04642857143,25401.5,25176.108214285712,25401.5,33.953571428570285,245.5,7.230461765015495,25156.5,25401.5,245.0,2450.0,0.009739033649355022,490.0,5692.761607142875,1160.25,0.20381145041172993,,-1000.0,-2000.0,,2026-02-25 03:56:00-05:00,2026-02-25 11:07:00-05:00,2026-02-24,2026-02-24,2026-02-25,2026-02-25 03:56:00,2026-02-25 11:07:00,2026-02,2026-02,4900.0,10,490.0
LONG,LONDON_CONTINUATION,iFVG,B,PULLBACK_1M,25387.0,25362.0,25494.75,25409.5,25494.75,25.0,107.75,4.31,25386.75,25362.0,-24.75,-247.5,-0.0009749180182575534,-74.25,5618.511607142875,1160.25,0.20650486839343032,,-1000.0,-2000.0,,2026-02-26 02:30:00-05:00,2026-02-26 03:04:00-05:00,2026-02-25,2026-02-25,2026-02-26,2026-02-26 02:30:00,2026-02-26 03:04:00,2026-02,2026-02,-495.0,5,-74.25
SHORT,ASIA_CONTINUATION,iFVG,B,PULLBACK_1M,24628.25,24657.769642857143,24477.0,24602.63232142857,24477.0,29.51964285714348,151.25,5.123706974774557,24629.0,24657.769642857143,-28.76964285714348,-287.6964285714348,-0.00116812062435101,-115.07857142857392,5503.433035714301,1160.25,0.2108229522319261,,-1000.0,-2000.0,,2026-03-01 23:36:00-05:00,2026-03-02 00:02:00-05:00,2026-03-01,2026-03-01,2026-03-02,2026-03-01 23:36:00,2026-03-02 00:02:00,2026-03,2026-03,-575.3928571428696,5,-115.07857142857392
LONG,NYPM_CONTINUATION,iFVG,A,PULLBACK_1M,25072.75,25035.0,25250.0,25082.5,25250.0,37.75,177.25,4.695364238410596,25072.5,25108.0,35.5,355.0,0.0014158939076678312,35.5,5538.933035714301,1160.25,0.20947175069979415,,-1000.0,-2000.0,,2026-03-05 14:02:00-05:00,2026-03-05 16:16:00-05:00,2026-03-04,2026-03-04,2026-03-05,2026-03-05 14:02:00,2026-03-05 16:16:00,2026-03,2026-03,710.0,5,35.5
LONG,NYPM_CONTINUATION,iFVG,A,PULLBACK_1M,25072.75,25035.0,25250.0,25082.5,25250.0,37.75,177.25,4.695364238410596,25072.5,25074.0,1.5,15.0,5.9826503140847365e-05,4.5,5543.433035714301,1160.25,0.2093017075384398,,-1000.0,-2000.0,,2026-03-05 14:02:00-05:00,2026-03-05 16:56:00-05:00,2026-03-04,2026-03-04,2026-03-05,2026-03-05 14:02:00,2026-03-05 16:56:00,2026-03,2026-03,30.0,5,4.5
SHORT,ASIA_CONTINUATION,iFVG,B,PULLBACK_1M,24576.0,24601.25,24410.5,24553.75,24410.5,25.25,165.5,6.554455445544554,24577.5,24552.5,25.0,250.0,0.0010171905197843278,25.0,5568.433035714301,1160.25,0.20836202798139006,,-1000.0,-2000.0,,2026-03-12 20:50:00-04:00,2026-03-12 22:26:00-04:00,2026-03-12,2026-03-12,2026-03-12,2026-03-12 20:50:00,2026-03-12 22:26:00,2026-03,2026-03,500.0,5,25.0
SHORT,ASIA_CONTINUATION,iFVG,B,PULLBACK_1M,24576.0,24601.25,24410.5,24553.75,24410.5,25.25,165.5,6.554455445544554,24577.5,24410.5,167.0,1670.0,0.006794832672159523,501.0,6069.433035714301,1160.25,0.1911628307245097,,-1000.0,-2000.0,,2026-03-12 20:50:00-04:00,2026-03-13 00:05:00-04:00,2026-03-12,2026-03-12,2026-03-13,2026-03-12 20:50:00,2026-03-13 00:05:00,2026-03,2026-03,3340.0,5,501.0
SHORT,ASIA_CONTINUATION,iFVG,B,PULLBACK_1M,24537.25,24564.75,24278.0,24517.25,24278.0,27.5,259.25,9.427272727272728,24536.5,24564.75,-28.25,-282.5,-0.0011513459539869153,-113.0,5956.433035714301,1160.25,0.1947893971179115,,-1000.0,-2000.0,,2026-03-16 22:48:00-04:00,2026-03-16 23:19:00-04:00,2026-03-16,2026-03-16,2026-03-16,2026-03-16 22:48:00,2026-03-16 23:19:00,2026-03,2026-03,-565.0,5,-113.0
SHORT,ASIA_CONTINUATION,iFVG,B,PULLBACK_1M,24581.25,24622.5,24516.25,24575.0,24516.25,41.25,65.0,1.5757575757575757,24583.5,24622.5,-39.0,-390.0,-0.001586429922509014,-156.0,5800.433035714301,1160.25,0.20002816907912457,,-1000.0,-2000.0,,2026-03-18 21:45:00-04:00,2026-03-18 22:06:00-04:00,2026-03-18,2026-03-18,2026-03-18,2026-03-18 21:45:00,2026-03-18 22:06:00,2026-03,2026-03,-780.0,5,-156.0
SHORT,ASIA_CONTINUATION,iFVG,B,PULLBACK_1M,24551.0,24582.0,24475.75,24534.5,24475.75,31.0,75.25,2.4274193548387095,24552.75,24582.0,-29.25,-292.5,-0.0011913125820937065,-117.0,5683.433035714301,1160.25,0.20414597879645438,,-1000.0,-2000.0,,2026-03-18 23:57:00-04:00,2026-03-19 00:00:00-04:00,2026-03-18,2026-03-18,2026-03-19,2026-03-18 23:57:00,2026-03-19 00:00:00,2026-03,2026-03,-585.0,5,-117.0
SHORT,NYAM_CONTINUATION,iFVG,B,PULLBACK_1M,24192.0,24236.5,24070.5,24189.0,24070.5,44.5,121.5,2.730337078651685,24191.5,24150.5,41.0,410.0,0.001694810160593585,41.0,5724.433035714301,1160.25,0.20268382785880956,,-1000.0,-2000.0,,2026-03-20 10:09:00-04:00,2026-03-20 10:22:00-04:00,2026-03-19,2026-03-19,2026-03-20,2026-03-20 10:09:00,2026-03-20 10:22:00,2026-03,2026-03,820.0,5,41.0
SHORT,NYAM_CONTINUATION,iFVG,B,PULLBACK_1M,24192.0,24236.5,24070.5,24189.0,24070.5,44.5,121.5,2.730337078651685,24191.5,24070.5,121.0,1210.0,0.005001756815410374,363.0,6087.433035714301,1160.25,0.1905975791754818,,-1000.0,-2000.0,,2026-03-20 10:09:00-04:00,2026-03-20 11:11:00-04:00,2026-03-19,2026-03-19,2026-03-20,2026-03-20 10:09:00,2026-03-20 11:11:00,2026-03,2026-03,2420.0,5,363.0
SHORT,ASIA_CONTINUATION,C2C3,B,PULLBACK_1M,23972.25,23999.25,23772.5,23951.75,23772.5,27.0,199.75,7.398148148148148,23973.25,23946.25,27.0,270.0,0.001126255305392454,27.0,6114.433035714301,1160.25,0.18975594192020737,,-1000.0,-2000.0,,2026-03-22 21:44:00-04:00,2026-03-22 21:49:00-04:00,2026-03-22,2026-03-22,2026-03-22,2026-03-22 21:44:00,2026-03-22 21:49:00,2026-03,2026-03,540.0,5,27.0
SHORT,ASIA_CONTINUATION,C2C3,B,PULLBACK_1M,23972.25,23999.25,23772.5,23951.75,23772.5,27.0,199.75,7.398148148148148,23973.25,23973.25,0.0,0.0,-0.0,-0.0,6114.433035714301,1160.25,0.18975594192020737,,-1000.0,-2000.0,,2026-03-22 21:44:00-04:00,2026-03-23 03:05:00-04:00,2026-03-22,2026-03-22,2026-03-23,2026-03-22 21:44:00,2026-03-23 03:05:00,2026-03,2026-03,0.0,5,-0.0
SHORT,ASIA_CONTINUATION,iFVG,B,PULLBACK_1M,24277.75,24302.75,24134.0,24255.25,24134.0,25.0,143.75,5.75,24279.0,24255.75,23.25,232.5,0.0009576176943036918,23.25,6137.683035714301,1160.25,0.18903713229384297,,-1000.0,-2000.0,,2026-03-25 21:39:00-04:00,2026-03-25 21:57:00-04:00,2026-03-25,2026-03-25,2026-03-25,2026-03-25 21:39:00,2026-03-25 21:57:00,2026-03,2026-03,465.0,5,23.25
SHORT,ASIA_CONTINUATION,iFVG,B,PULLBACK_1M,24277.75,24302.75,24134.0,24255.25,24134.0,25.0,143.75,5.75,24279.0,24279.0,0.0,0.0,-0.0,-0.0,6137.683035714301,1160.25,0.18903713229384297,,-1000.0,-2000.0,,2026-03-25 21:39:00-04:00,2026-03-25 23:23:00-04:00,2026-03-25,2026-03-25,2026-03-25,2026-03-25 21:39:00,2026-03-25 23:23:00,2026-03,2026-03,0.0,5,-0.0
SHORT,ASIA_CONTINUATION,iFVG,B,PULLBACK_1M,23903.25,23930.0,23823.75,23882.5,23823.75,26.75,79.5,2.97196261682243,23903.5,23879.25,24.25,242.5,0.001014495785136016,24.25,6161.933035714301,1160.25,0.18829318547852444,,-1000.0,-2000.0,,2026-03-26 22:49:00-04:00,2026-03-26 23:22:00-04:00,2026-03-26,2026-03-26,2026-03-26,2026-03-26 22:49:00,2026-03-26 23:22:00,2026-03,2026-03,485.0,5,24.25
SHORT,ASIA_CONTINUATION,iFVG,B,PULLBACK_1M,23903.25,23930.0,23823.75,23882.5,23823.75,26.75,79.5,2.97196261682243,23903.5,23823.75,79.75,797.5,0.0033363314995712434,239.25,6401.183035714301,1160.25,0.18125555753156636,,-1000.0,-2000.0,,2026-03-26 22:49:00-04:00,2026-03-27 00:09:00-04:00,2026-03-26,2026-03-26,2026-03-27,2026-03-26 22:49:00,2026-03-27 00:09:00,2026-03,2026-03,1595.0,5,239.25
SHORT,ASIA_CONTINUATION,iFVG,B,PULLBACK_1M,23779.75,23826.54642857143,23325.25,23770.883214285714,23325.25,46.796428571429715,454.5,9.712279630618704,23779.0,23730.5,48.5,485.0,0.0020396147861558855,48.5,6449.683035714301,1160.25,0.17989256116545,,-1000.0,-2000.0,,2026-03-27 00:53:00-04:00,2026-03-27 01:09:00-04:00,2026-03-26,2026-03-26,2026-03-27,2026-03-27 00:53:00,2026-03-27 01:09:00,2026-03,2026-03,970.0,5,48.5
SHORT,ASIA_CONTINUATION,iFVG,B,PULLBACK_1M,23779.75,23826.54642857143,23325.25,23770.883214285714,23325.25,46.796428571429715,454.5,9.712279630618704,23779.0,23325.25,453.75,4537.5,0.01908196307666432,1361.25,7810.933035714301,1673.25,0.21421896620407824,,-1000.0,-2000.0,,2026-03-27 00:53:00-04:00,2026-03-27 11:03:00-04:00,2026-03-26,2026-03-26,2026-03-27,2026-03-27 00:53:00,2026-03-27 11:03:00,2026-03,2026-03,9075.0,5,1361.25
SHORT,NYPM_CONTINUATION,iFVG,A,PULLBACK_1M,23077.5,23118.75,23012.5,23071.25,23012.5,41.25,65.0,1.5757575757575757,23077.75,23040.5,37.25,372.5,0.0016141088277670246,37.25,7848.183035714301,1673.25,0.21320221411575546,,-1000.0,-2000.0,,2026-03-30 15:01:00-04:00,2026-03-30 15:10:00-04:00,2026-03-29,2026-03-29,2026-03-30,2026-03-30 15:01:00,2026-03-30 15:10:00,2026-03,2026-03,745.0,5,37.25
SHORT,NYPM_CONTINUATION,iFVG,A,PULLBACK_1M,23077.5,23118.75,23012.5,23071.25,23012.5,41.25,65.0,1.5757575757575757,23077.75,23012.5,65.25,652.5,0.0028273986848804666,195.75,8043.933035714301,1673.25,0.20801391465728625,,-1000.0,-2000.0,,2026-03-30 15:01:00-04:00,2026-03-30 16:12:00-04:00,2026-03-29,2026-03-29,2026-03-30,2026-03-30 15:01:00,2026-03-30 16:12:00,2026-03,2026-03,1305.0,5,195.75
SHORT,ASIA_CONTINUATION,iFVG,B,PULLBACK_1M,23802.75,23827.75,23238.5,23780.25,23238.5,25.0,564.25,22.57,23804.0,23775.0,29.0,290.0,0.0012182826415728654,29.0,8072.933035714301,1673.25,0.2072666765099643,,-1000.0,-2000.0,,2026-04-01 20:41:00-04:00,2026-04-01 21:46:00-04:00,2026-04-01,2026-04-01,2026-04-01,2026-04-01 20:41:00,2026-04-01 21:46:00,2026-04,2026-04,580.0,5,29.0
SHORT,ASIA_CONTINUATION,iFVG,B,PULLBACK_1M,23802.75,23827.75,23238.5,23780.25,23238.5,25.0,564.25,22.57,23804.0,23804.0,0.0,0.0,-0.0,-0.0,8072.933035714301,1673.25,0.2072666765099643,,-1000.0,-2000.0,,2026-04-01 20:41:00-04:00,2026-04-01 22:41:00-04:00,2026-04-01,2026-04-01,2026-04-01,2026-04-01 20:41:00,2026-04-01 22:41:00,2026-04,2026-04,0.0,5,-0.0
