variant,calendar_date_et,symbol,trades,gross_pnl_dollars,gross_points,avg_trade_dollars,gross_return_pct_on_50k,win_rate_pct
type1_sniper,2025-04-17,MGC,3,2420.0000000000273,48.400000000000546,806.6666666666757,4.840000000000055,100.0
type1_sniper,2025-04-17,MYM,1,-183.125,-73.25,-183.125,-0.36625,0.0
type1_sniper,2025-04-21,MES,2,-168.75,-6.75,-84.375,-0.3375,0.0
type1_sniper,2025-04-21,MGC,1,-197.50000000001364,-3.950000000000273,-197.50000000001364,-0.3950000000000273,0.0
type1_sniper,2025-04-21,MNQ,1,-125.0,-12.5,-125.0,-0.25,0.0
type1_sniper,2025-04-22,MES,3,882.8125,35.3125,294.2708333333333,1.765625,100.0
type1_sniper,2025-04-22,MGC,4,4381.875000000014,87.63750000000027,1095.4687500000034,8.763750000000027,75.0
type1_sniper,2025-04-22,MNQ,4,617.5,61.75,154.375,1.2349999999999999,75.0
type1_sniper,2025-04-22,MYM,2,117.5,47.0,58.75,0.23500000000000001,50.0
type1_sniper,2025-04-23,MES,5,-18.75,-0.75,-3.75,-0.03750000000000002,40.0
type1_sniper,2025-04-23,MGC,2,520.0000000000045,10.400000000000091,260.0000000000023,1.0400000000000091,50.0
type1_sniper,2025-04-23,MNQ,1,-432.5,-43.25,-432.5,-0.865,0.0
type1_sniper,2025-04-23,MYM,6,691.875,276.75,115.3125,1.3837499999999998,50.0
type1_sniper,2025-04-24,MES,9,200.0,8.0,22.22222222222222,0.3999999999999999,33.33333333333333
type1_sniper,2025-04-24,MNQ,2,-417.5,-41.75,-208.75,-0.835,0.0
type1_sniper,2025-04-24,MYM,11,2392.65625,957.0625,217.51420454545453,4.7853125,63.63636363636363
type1_sniper,2025-04-25,MES,3,112.5,4.5,37.5,0.22499999999999976,33.33333333333333
type1_sniper,2025-04-25,MGC,6,1067.4999999999727,21.349999999999454,177.9166666666621,2.134999999999945,50.0
type1_sniper,2025-04-25,MNQ,3,-26.25,-2.625,-8.75,-0.05250000000000021,33.33333333333333
type1_sniper,2025-04-28,MES,2,-162.5,-6.5,-81.25,-0.32499999999999996,50.0
type1_sniper,2025-04-28,MYM,4,803.90625,321.5625,200.9765625,1.6078125,75.0
type1_sniper,2025-04-29,MYM,7,33.125,13.25,4.732142857142857,0.06624999999999992,28.57142857142857
type1_sniper,2025-04-30,MCL,1,-294.9999999999982,-0.5899999999999963,-294.9999999999982,-0.5899999999999963,0.0
type1_sniper,2025-04-30,MES,3,2520.3125,100.8125,840.1041666666666,5.040625,100.0
type1_sniper,2025-04-30,MGC,7,1707.499999999959,34.14999999999918,243.9285714285656,3.4149999999999183,57.14285714285714
type1_sniper,2025-04-30,MNQ,1,-562.5,-56.25,-562.5,-1.125,0.0
type1_sniper,2025-04-30,MYM,2,-270.625,-108.25,-135.3125,-0.54125,0.0
type1_sniper,2025-05-01,MES,6,-181.25,-7.25,-30.208333333333332,-0.36250000000000004,33.33333333333333
type1_sniper,2025-05-01,MGC,8,-100.0,-2.0,-12.5,-0.2,25.0
type1_sniper,2025-05-01,MNQ,8,-154.375,-15.4375,-19.296875,-0.3087500000000001,50.0
type1_sniper,2025-05-01,MYM,3,-48.125,-19.25,-16.041666666666668,-0.09625,33.33333333333333
type1_sniper,2025-05-02,MES,1,-237.5,-9.5,-237.5,-0.475,0.0
type1_sniper,2025-05-02,MNQ,1,-447.5,-44.75,-447.5,-0.895,0.0
type1_sniper,2025-05-02,MYM,1,-123.125,-49.25,-123.125,-0.24625,0.0
type1_sniper,2025-05-06,MES,1,-137.5,-5.5,-137.5,-0.27499999999999997,0.0
type1_sniper,2025-05-06,MGC,2,345.00000000000455,6.900000000000091,172.50000000000227,0.690000000000009,50.0
type1_sniper,2025-05-06,MNQ,1,-247.5,-24.75,-247.5,-0.49500000000000005,0.0
type1_sniper,2025-05-08,MES,3,1100.0,44.0,366.6666666666667,2.2,66.66666666666666
type1_sniper,2025-05-08,MGC,2,-490.0000000000091,-9.800000000000182,-245.00000000000455,-0.9800000000000182,0.0
type1_sniper,2025-05-08,MNQ,5,682.5,68.25,136.5,1.3649999999999998,40.0
type1_sniper,2025-05-08,MYM,3,-65.625,-26.25,-21.875,-0.13125000000000003,33.33333333333333
type1_sniper,2025-05-09,MCL,1,-274.9999999999986,-0.5499999999999972,-274.9999999999986,-0.5499999999999972,0.0
type1_sniper,2025-05-13,MES,1,-406.25,-16.25,-406.25,-0.8125,0.0
type1_sniper,2025-05-13,MNQ,1,-145.0,-14.5,-145.0,-0.29,0.0
type1_sniper,2025-05-14,MNQ,3,-283.75,-28.375,-94.58333333333333,-0.5675000000000001,33.33333333333333
type1_sniper,2025-05-15,MES,5,2356.25,94.25,471.25,4.7125,80.0
type1_sniper,2025-05-15,MGC,5,2089.3749999999727,41.787499999999454,417.87499999999454,4.178749999999946,60.0
type1_sniper,2025-05-15,MNQ,8,1886.25,188.625,235.78125,3.7725,62.5
type1_sniper,2025-05-15,MYM,3,39.375,15.75,13.125,0.07874999999999999,33.33333333333333
type1_sniper,2025-05-16,MES,2,-112.5,-4.5,-56.25,-0.22499999999999998,0.0
type1_sniper,2025-05-16,MYM,2,-166.25,-66.5,-83.125,-0.3325,0.0
type1_sniper,2025-05-19,MES,6,300.0,12.0,50.0,0.6000000000000001,50.0
type1_sniper,2025-05-19,MNQ,10,330.625,33.0625,33.0625,0.6612499999999999,40.0
type1_sniper,2025-05-19,MYM,2,132.5,53.0,66.25,0.265,50.0
type1_sniper,2025-05-21,MES,2,-281.25,-11.25,-140.625,-0.5625,0.0
type1_sniper,2025-05-21,MGC,10,527.4999999999864,10.549999999999727,52.749999999998636,1.0549999999999726,40.0
type1_sniper,2025-05-21,MNQ,6,2335.625,233.5625,389.2708333333333,4.67125,66.66666666666666
type1_sniper,2025-05-21,MYM,2,67.5,27.0,33.75,0.135,50.0
type1_sniper,2025-05-22,MES,3,787.5,31.5,262.5,1.575,66.66666666666666
type1_sniper,2025-05-22,MGC,5,2220.6249999999955,44.41249999999991,444.1249999999991,4.441249999999991,80.0
type1_sniper,2025-05-22,MNQ,2,555.0,55.5,277.5,1.11,50.0
type1_sniper,2025-05-22,MYM,2,207.5,83.0,103.75,0.415,50.0
type1_sniper,2025-05-23,MES,4,275.0,11.0,68.75,0.55,50.0
type1_sniper,2025-05-23,MGC,1,-367.49999999999545,-7.349999999999909,-367.49999999999545,-0.7349999999999909,0.0
type1_sniper,2025-05-23,MNQ,5,-992.5,-99.25,-198.5,-1.985,0.0
type1_sniper,2025-05-23,MYM,1,-100.625,-40.25,-100.625,-0.20124999999999998,0.0
type1_sniper,2025-05-26,MNQ,3,160.0,16.0,53.333333333333336,0.32,33.33333333333333
type1_sniper,2025-05-27,MES,1,-275.0,-11.0,-275.0,-0.5499999999999999,0.0
type1_sniper,2025-05-27,MGC,1,-97.4999999999909,-1.949999999999818,-97.4999999999909,-0.19499999999998183,0.0
type1_sniper,2025-05-27,MNQ,2,-142.5,-14.25,-71.25,-0.28500000000000003,0.0
type1_sniper,2025-05-27,MYM,1,-140.625,-56.25,-140.625,-0.28125,0.0
type1_sniper,2025-05-28,MES,3,1615.625,64.625,538.5416666666666,3.23125,100.0
type1_sniper,2025-05-28,MNQ,4,670.625,67.0625,167.65625,1.3412499999999998,50.0
type1_sniper,2025-05-29,MES,1,193.75,7.75,193.75,0.3875,100.0
type1_sniper,2025-05-29,MGC,3,614.9999999999864,12.299999999999727,204.99999999999545,1.229999999999973,100.0
type1_sniper,2025-05-29,MNQ,3,2491.875,249.1875,830.625,4.98375,100.0
type1_sniper,2025-05-29,MYM,2,110.0,44.0,55.0,0.22,50.0
type1_sniper,2025-05-30,MCL,1,-355.00000000000045,-0.7100000000000009,-355.00000000000045,-0.7100000000000009,0.0
type1_sniper,2025-05-30,MNQ,1,-880.0,-88.0,-880.0,-1.76,0.0
type1_sniper,2025-06-02,MCL,1,-379.999999999999,-0.759999999999998,-379.999999999999,-0.7599999999999979,0.0
type1_sniper,2025-06-02,MNQ,3,-490.0,-49.0,-163.33333333333334,-0.98,0.0
type1_sniper,2025-06-03,MNQ,1,-325.0,-32.5,-325.0,-0.65,0.0
type1_sniper,2025-06-03,MYM,3,736.40625,294.5625,245.46875,1.4728124999999999,100.0
type1_sniper,2025-06-04,MES,1,-200.0,-8.0,-200.0,-0.4,0.0
type1_sniper,2025-06-04,MNQ,3,-422.5,-42.25,-140.83333333333334,-0.845,33.33333333333333
type1_sniper,2025-06-05,MES,5,-6.25,-0.25,-1.25,-0.012499999999999956,20.0
type1_sniper,2025-06-05,MGC,2,730.0000000000182,14.600000000000364,365.0000000000091,1.4600000000000364,100.0
type1_sniper,2025-06-05,MNQ,2,-652.5,-65.25,-326.25,-1.305,0.0
type1_sniper,2025-06-05,MYM,5,590.0,236.0,118.0,1.18,40.0
type1_sniper,2025-06-06,MES,4,-6.25,-0.25,-1.5625,-0.012500000000000011,25.0
type1_sniper,2025-06-06,MYM,1,-230.625,-92.25,-230.625,-0.46125000000000005,0.0
type1_sniper,2025-06-09,MES,3,-331.25,-13.25,-110.41666666666667,-0.6625,0.0
type1_sniper,2025-06-09,MNQ,2,782.5,78.25,391.25,1.565,100.0
type1_sniper,2025-06-10,MES,5,393.75,15.75,78.75,0.7875,60.0
type1_sniper,2025-06-10,MGC,5,1454.9999999999955,29.09999999999991,290.9999999999991,2.9099999999999913,60.0
type1_sniper,2025-06-10,MNQ,2,222.5,22.25,111.25,0.445,50.0
type1_sniper,2025-06-10,MYM,3,662.65625,265.0625,220.88541666666666,1.3253125,100.0
type1_sniper,2025-06-11,MES,4,475.0,19.0,118.75,0.95,50.0
type1_sniper,2025-06-11,MNQ,7,1817.5,181.75,259.64285714285717,3.6350000000000007,57.14285714285714
type1_sniper,2025-06-11,MYM,2,250.0,100.0,125.0,0.5,50.0
type1_sniper,2025-06-12,MNQ,5,1086.25,108.625,217.25,2.1725,60.0
type1_sniper,2025-06-12,MYM,3,687.65625,275.0625,229.21875,1.3753125,100.0
type1_sniper,2025-06-13,MGC,3,2183.1250000000637,43.66250000000127,727.7083333333545,4.366250000000127,100.0
type1_sniper,2025-06-13,MYM,1,-178.125,-71.25,-178.125,-0.35625,0.0
type1_sniper,2025-06-16,MES,7,587.5,23.5,83.92857142857143,1.175,57.14285714285714
type1_sniper,2025-06-16,MNQ,1,-97.5,-9.75,-97.5,-0.19499999999999998,0.0
type1_sniper,2025-06-17,MGC,2,550.0,11.0,275.0,1.0999999999999999,50.0
type1_sniper,2025-06-18,MCL,3,2590.000000000003,5.180000000000007,863.3333333333344,5.180000000000007,100.0
type1_sniper,2025-06-19,MES,1,-312.5,-12.5,-312.5,-0.625,0.0
type1_sniper,2025-06-19,MGC,4,509.9999999999909,10.199999999999818,127.49999999999773,1.0199999999999818,50.0
type1_sniper,2025-06-19,MNQ,1,-125.0,-12.5,-125.0,-0.25,0.0
type1_sniper,2025-06-19,MYM,2,-271.25,-108.5,-135.625,-0.5425,0.0
type1_sniper,2025-06-20,MES,1,-87.5,-3.5,-87.5,-0.17500000000000002,0.0
type1_sniper,2025-06-20,MGC,6,2238.1249999999227,44.762499999998454,373.02083333332047,4.476249999999846,66.66666666666666
type1_sniper,2025-06-20,MNQ,1,-85.0,-8.5,-85.0,-0.16999999999999998,0.0
type1_sniper,2025-06-20,MYM,3,415.78125,166.3125,138.59375,0.8315625,100.0
type1_sniper,2025-06-23,MES,1,-112.5,-4.5,-112.5,-0.22499999999999998,0.0
type1_sniper,2025-06-23,MNQ,3,-675.0,-67.5,-225.0,-1.35,0.0
type1_sniper,2025-06-23,MYM,3,327.5,131.0,109.16666666666667,0.655,66.66666666666666
type1_sniper,2025-06-24,MES,3,-343.75,-13.75,-114.58333333333333,-0.6875,0.0
type1_sniper,2025-06-24,MGC,1,-87.5,-1.75,-87.5,-0.17500000000000002,0.0
type1_sniper,2025-06-24,MNQ,1,-70.0,-7.0,-70.0,-0.13999999999999999,0.0
type1_sniper,2025-06-25,MES,2,137.5,5.5,68.75,0.27499999999999997,50.0
type1_sniper,2025-06-25,MNQ,5,92.5,9.25,18.5,0.185,40.0
type1_sniper,2025-06-26,MGC,2,625.0,12.5,312.5,1.25,50.0
type1_sniper,2025-06-26,MNQ,4,-47.5,-4.75,-11.875,-0.09500000000000003,25.0
type1_sniper,2025-06-26,MYM,1,-130.625,-52.25,-130.625,-0.26125,0.0
type1_sniper,2025-06-27,MES,1,-206.25,-8.25,-206.25,-0.41250000000000003,0.0
type1_sniper,2025-06-27,MGC,1,-152.5000000000091,-3.050000000000182,-152.5000000000091,-0.3050000000000182,0.0
type1_sniper,2025-06-30,MES,1,-87.5,-3.5,-87.5,-0.17500000000000002,0.0
type1_sniper,2025-06-30,MNQ,3,-360.0,-36.0,-120.0,-0.72,0.0
type1_sniper,2025-06-30,MYM,1,-15.0,-6.0,-15.0,-0.03,0.0
type1_sniper,2025-07-02,MES,4,792.1875,31.6875,198.046875,1.584375,75.0
type1_sniper,2025-07-02,MGC,2,235.00000000001364,4.700000000000273,117.50000000000682,0.4700000000000273,100.0
type1_sniper,2025-07-02,MNQ,3,2033.125,203.3125,677.7083333333334,4.06625,100.0
type1_sniper,2025-07-03,MGC,9,145.00000000002728,2.9000000000005457,16.11111111111414,0.29000000000005455,33.33333333333333
type1_sniper,2025-07-03,MNQ,4,753.125,75.3125,188.28125,1.5062499999999999,75.0
type1_sniper,2025-07-07,MGC,5,2040.6249999999545,40.81249999999909,408.1249999999909,4.081249999999909,80.0
type1_sniper,2025-07-07,MNQ,3,177.5,17.75,59.166666666666664,0.35500000000000004,33.33333333333333
type1_sniper,2025-07-08,MGC,3,904.9999999999955,18.09999999999991,301.66666666666515,1.809999999999991,100.0
type1_sniper,2025-07-09,MES,1,-187.5,-7.5,-187.5,-0.375,0.0
type1_sniper,2025-07-09,MGC,4,407.50000000000455,8.150000000000091,101.87500000000114,0.815000000000009,50.0
type1_sniper,2025-07-09,MNQ,2,332.5,33.25,166.25,0.6649999999999999,50.0
type1_sniper,2025-07-09,MYM,3,823.90625,329.5625,274.6354166666667,1.6478125000000001,100.0
type1_sniper,2025-07-10,MGC,8,950.6249999999682,19.012499999999363,118.82812499999602,1.9012499999999362,62.5
type1_sniper,2025-07-11,MES,3,706.25,28.25,235.41666666666666,1.4125,100.0
type1_sniper,2025-07-11,MGC,4,-165.0000000000091,-3.300000000000182,-41.250000000002274,-0.33000000000001817,25.0
type1_sniper,2025-07-11,MYM,7,228.75,91.5,32.67857142857143,0.45750000000000013,42.857142857142854
type1_sniper,2025-07-14,MNQ,3,122.5,12.25,40.833333333333336,0.24500000000000008,66.66666666666666
type1_sniper,2025-07-15,MES,2,-156.25,-6.25,-78.125,-0.3125,0.0
type1_sniper,2025-07-15,MNQ,4,-452.5,-45.25,-113.125,-0.905,0.0
type1_sniper,2025-07-16,MES,3,1809.375,72.375,603.125,3.6187499999999995,100.0
type1_sniper,2025-07-16,MGC,5,4109.375,82.1875,821.875,8.21875,100.0
type1_sniper,2025-07-16,MNQ,8,2050.0,205.0,256.25,4.1,50.0
type1_sniper,2025-07-16,MYM,3,1403.90625,561.5625,467.96875,2.8078125,100.0
type1_sniper,2025-07-17,MES,2,-181.25,-7.25,-90.625,-0.36250000000000004,0.0
type1_sniper,2025-07-17,MNQ,1,-80.0,-8.0,-80.0,-0.16,0.0
type1_sniper,2025-07-18,MES,1,-150.0,-6.0,-150.0,-0.3,0.0
type1_sniper,2025-07-18,MGC,5,150.00000000002274,3.0000000000004547,30.000000000004547,0.3000000000000455,60.0
type1_sniper,2025-07-18,MNQ,5,1612.5,161.25,322.5,3.225,80.0
type1_sniper,2025-07-22,MCL,1,90.00000000000341,0.18000000000000682,90.00000000000341,0.18000000000000682,100.0
type1_sniper,2025-07-22,MES,5,718.75,28.75,143.75,1.4375,60.0
type1_sniper,2025-07-22,MGC,1,-232.50000000000455,-4.650000000000091,-232.50000000000455,-0.4650000000000091,0.0
type1_sniper,2025-07-22,MNQ,7,952.5,95.25,136.07142857142858,1.9049999999999998,57.14285714285714
type1_sniper,2025-07-22,MYM,2,705.0,282.0,352.5,1.4100000000000001,100.0
type1_sniper,2025-07-23,MES,1,-125.0,-5.0,-125.0,-0.25,0.0
type1_sniper,2025-07-23,MGC,1,-70.00000000000455,-1.400000000000091,-70.00000000000455,-0.1400000000000091,0.0
type1_sniper,2025-07-23,MYM,1,-88.125,-35.25,-88.125,-0.17625,0.0
type1_sniper,2025-07-24,MCL,1,-250.0,-0.5,-250.0,-0.5,0.0
type1_sniper,2025-07-24,MES,3,75.0,3.0,25.0,0.15000000000000002,33.33333333333333
type1_sniper,2025-07-24,MGC,2,-354.99999999999545,-7.099999999999909,-177.49999999999773,-0.709999999999991,0.0
type1_sniper,2025-07-24,MNQ,2,152.5,15.25,76.25,0.305,50.0
type1_sniper,2025-07-25,MGC,1,-117.49999999999545,-2.349999999999909,-117.49999999999545,-0.2349999999999909,0.0
type1_sniper,2025-07-25,MNQ,3,52.5,5.25,17.5,0.10499999999999998,33.33333333333333
type1_sniper,2025-07-28,MGC,3,1295.0000000000045,25.90000000000009,431.66666666666816,2.5900000000000087,100.0
type1_sniper,2025-07-29,MES,3,93.75,3.75,31.25,0.18750000000000006,33.33333333333333
type1_sniper,2025-07-29,MNQ,5,1731.875,173.1875,346.375,3.46375,60.0
type1_sniper,2025-07-30,MGC,1,-42.49999999999545,-0.849999999999909,-42.49999999999545,-0.08499999999999092,0.0
type1_sniper,2025-07-30,MNQ,1,-282.5,-28.25,-282.5,-0.565,0.0
type1_sniper,2025-07-30,MYM,4,380.15625,152.0625,95.0390625,0.7603125000000001,75.0
type1_sniper,2025-07-31,MES,4,256.25,10.25,64.0625,0.5125000000000001,50.0
type1_sniper,2025-07-31,MNQ,7,1325.625,132.5625,189.375,2.6512499999999997,57.14285714285714
type1_sniper,2025-07-31,MYM,2,-201.25,-80.5,-100.625,-0.40249999999999997,0.0
type1_sniper,2025-08-01,MGC,4,502.5000000000091,10.050000000000182,125.62500000000227,1.005000000000018,50.0
type1_sniper,2025-08-04,MGC,3,414.9999999999636,8.299999999999272,138.3333333333212,0.8299999999999272,66.66666666666666
type1_sniper,2025-08-05,MES,2,206.25,8.25,103.125,0.41250000000000003,50.0
type1_sniper,2025-08-05,MGC,1,-172.4999999999909,-3.449999999999818,-172.4999999999909,-0.3449999999999818,0.0
type1_sniper,2025-08-05,MNQ,1,-147.5,-14.75,-147.5,-0.295,0.0
type1_sniper,2025-08-06,MCL,2,1359.9999999999923,2.7199999999999847,679.9999999999961,2.7199999999999847,100.0
type1_sniper,2025-08-07,MGC,7,-84.9999999999909,-1.699999999999818,-12.142857142855844,-0.16999999999998172,28.57142857142857
type1_sniper,2025-08-07,MNQ,1,-170.0,-17.0,-170.0,-0.33999999999999997,0.0
type1_sniper,2025-08-08,MNQ,4,990.0,99.0,247.5,1.98,75.0
type1_sniper,2025-08-11,MYM,1,-70.625,-28.25,-70.625,-0.14125,0.0
type1_sniper,2025-08-12,MES,2,-356.25,-14.25,-178.125,-0.7125,0.0
type1_sniper,2025-08-12,MGC,9,1291.8750000000045,25.83750000000009,143.54166666666717,2.583750000000009,55.55555555555556
type1_sniper,2025-08-12,MNQ,2,357.5,35.75,178.75,0.715,50.0
type1_sniper,2025-08-13,MES,2,-206.25,-8.25,-103.125,-0.4125,0.0
type1_sniper,2025-08-13,MGC,6,-554.9999999999955,-11.099999999999909,-92.49999999999925,-1.1099999999999908,16.666666666666664
type1_sniper,2025-08-13,MNQ,2,372.5,37.25,186.25,0.745,50.0
type1_sniper,2025-08-14,MES,3,1398.4375,55.9375,466.1458333333333,2.796875,100.0
type1_sniper,2025-08-14,MGC,4,242.49999999999545,4.849999999999909,60.62499999999886,0.4849999999999911,50.0
type1_sniper,2025-08-14,MNQ,5,815.0,81.5,163.0,1.6300000000000001,60.0
type1_sniper,2025-08-15,MNQ,7,-990.0,-99.0,-141.42857142857142,-1.98,14.285714285714285
type1_sniper,2025-08-18,MES,4,-600.0,-24.0,-150.0,-1.2000000000000002,0.0
type1_sniper,2025-08-18,MGC,1,-42.50000000001819,-0.8500000000003638,-42.50000000001819,-0.08500000000003638,0.0
type1_sniper,2025-08-18,MNQ,5,1598.75,159.875,319.75,3.1975000000000002,80.0
type1_sniper,2025-08-18,MYM,6,-169.375,-67.75,-28.229166666666668,-0.33875,16.666666666666664
type1_sniper,2025-08-19,MES,2,368.75,14.75,184.375,0.7374999999999999,50.0
type1_sniper,2025-08-19,MGC,1,-172.50000000001364,-3.450000000000273,-172.50000000001364,-0.3450000000000273,0.0
type1_sniper,2025-08-19,MNQ,1,-270.0,-27.0,-270.0,-0.54,0.0
type1_sniper,2025-08-20,MES,1,18.75,0.75,18.75,0.0375,100.0
type1_sniper,2025-08-20,MGC,3,-467.49999999999545,-9.349999999999909,-155.8333333333318,-0.934999999999991,0.0
type1_sniper,2025-08-20,MNQ,1,-250.0,-25.0,-250.0,-0.5,0.0
type1_sniper,2025-08-20,MYM,3,595.0,238.0,198.33333333333334,1.19,66.66666666666666
type1_sniper,2025-08-21,MYM,7,135.625,54.25,19.375,0.27125,42.857142857142854
type1_sniper,2025-08-22,MGC,4,1051.8749999999955,21.03749999999991,262.96874999999886,2.103749999999991,75.0
type1_sniper,2025-08-26,MGC,2,159.9999999999909,3.199999999999818,79.99999999999545,0.3199999999999818,50.0
type1_sniper,2025-08-27,MES,1,-131.25,-5.25,-131.25,-0.2625,0.0
type1_sniper,2025-08-27,MNQ,2,-475.0,-47.5,-237.5,-0.95,0.0
type1_sniper,2025-08-27,MYM,1,0.0,0.0,0.0,0.0,0.0
type1_sniper,2025-08-28,MES,5,450.0,18.0,90.0,0.8999999999999999,40.0
type1_sniper,2025-08-28,MGC,1,-92.49999999999545,-1.849999999999909,-92.49999999999545,-0.1849999999999909,0.0
type1_sniper,2025-08-28,MNQ,1,-202.5,-20.25,-202.5,-0.40499999999999997,0.0
type1_sniper,2025-08-28,MYM,3,375.0,150.0,125.0,0.75,100.0
type1_sniper,2025-08-29,MES,2,-287.5,-11.5,-143.75,-0.5750000000000001,0.0
type1_sniper,2025-08-29,MNQ,1,-262.5,-26.25,-262.5,-0.525,0.0
type1_sniper,2025-08-29,MYM,4,230.0,92.0,57.5,0.45999999999999996,50.0
type1_sniper,2025-09-01,MGC,2,83.12499999999545,1.662499999999909,41.562499999997726,0.1662499999999909,50.0
type1_sniper,2025-09-02,MGC,2,-314.99999999998636,-6.299999999999727,-157.49999999999318,-0.6299999999999727,0.0
type1_sniper,2025-09-02,MNQ,1,-140.0,-14.0,-140.0,-0.27999999999999997,0.0
type1_sniper,2025-09-03,MGC,3,-352.49999999998636,-7.049999999999727,-117.49999999999545,-0.7049999999999726,0.0
type1_sniper,2025-09-03,MNQ,2,1340.0,134.0,670.0,2.68,100.0
type1_sniper,2025-09-04,MCL,1,-289.99999999999915,-0.5799999999999983,-289.99999999999915,-0.5799999999999983,0.0
type1_sniper,2025-09-04,MES,2,475.0,19.0,237.5,0.95,100.0
type1_sniper,2025-09-04,MNQ,5,80.0,8.0,16.0,0.15999999999999998,40.0
type1_sniper,2025-09-05,MYM,3,1236.40625,494.5625,412.1354166666667,2.4728125,100.0
type1_sniper,2025-09-08,MGC,3,-512.5,-10.25,-170.83333333333334,-1.025,0.0
type1_sniper,2025-09-09,MGC,8,1537.5000000000227,30.750000000000455,192.18750000000284,3.0750000000000455,50.0
type1_sniper,2025-09-09,MYM,1,-53.125,-21.25,-53.125,-0.10625000000000001,0.0
type1_sniper,2025-09-10,MES,1,-81.25,-3.25,-81.25,-0.1625,0.0
type1_sniper,2025-09-10,MNQ,7,1529.375,152.9375,218.48214285714286,3.05875,85.71428571428571
type1_sniper,2025-09-10,MYM,3,1777.5,711.0,592.5,3.555,100.0
type1_sniper,2025-09-11,MGC,2,285.00000000001364,5.700000000000273,142.50000000000682,0.5700000000000273,50.0
type1_sniper,2025-09-11,MNQ,2,210.0,21.0,105.0,0.42,50.0
type1_sniper,2025-09-12,MGC,8,1567.4999999999955,31.34999999999991,195.93749999999943,3.134999999999991,75.0
type1_sniper,2025-09-12,MNQ,2,-190.0,-19.0,-95.0,-0.38,0.0
type1_sniper,2025-09-15,MES,1,-118.75,-4.75,-118.75,-0.2375,0.0
type1_sniper,2025-09-15,MGC,1,-117.49999999999545,-2.349999999999909,-117.49999999999545,-0.2349999999999909,0.0
type1_sniper,2025-09-15,MNQ,1,-120.0,-12.0,-120.0,-0.24,0.0
type1_sniper,2025-09-15,MYM,5,503.90625,201.5625,100.78125,1.0078125,80.0
type1_sniper,2025-09-16,MGC,6,822.4999999999909,16.449999999999818,137.0833333333318,1.6449999999999818,50.0
type1_sniper,2025-09-16,MNQ,2,777.5,77.75,388.75,1.5550000000000002,100.0
type1_sniper,2025-09-16,MYM,2,72.5,29.0,36.25,0.145,50.0
type1_sniper,2025-09-17,MES,7,50.0,2.0,7.142857142857143,0.10000000000000009,28.57142857142857
type1_sniper,2025-09-17,MGC,5,1024.375000000009,20.487500000000182,204.87500000000182,2.048750000000018,60.0
type1_sniper,2025-09-17,MNQ,6,-552.5,-55.25,-92.08333333333333,-1.105,16.666666666666664
type1_sniper,2025-09-17,MYM,2,-173.125,-69.25,-86.5625,-0.34625,0.0
type1_sniper,2025-09-18,MES,3,181.25,7.25,60.416666666666664,0.3625,33.33333333333333
type1_sniper,2025-09-18,MGC,4,1558.12499999995,31.162499999999,389.5312499999875,3.1162499999999,75.0
type1_sniper,2025-09-18,MNQ,4,618.75,61.875,154.6875,1.2374999999999998,75.0
type1_sniper,2025-09-19,MGC,2,184.9999999999909,3.699999999999818,92.49999999999545,0.3699999999999818,50.0
type1_sniper,2025-09-22,MGC,1,-57.50000000000455,-1.150000000000091,-57.50000000000455,-0.11500000000000911,0.0
type1_sniper,2025-09-22,MNQ,2,320.0,32.0,160.0,0.64,100.0
type1_sniper,2025-09-23,MGC,2,429.99999999999545,8.599999999999909,214.99999999999773,0.859999999999991,50.0
type1_sniper,2025-09-23,MYM,3,790.15625,316.0625,263.3854166666667,1.5803124999999998,100.0
type1_sniper,2025-09-24,MGC,2,-405.0000000000182,-8.100000000000364,-202.5000000000091,-0.8100000000000364,0.0
type1_sniper,2025-09-24,MYM,1,-70.625,-28.25,-70.625,-0.14125,0.0
type1_sniper,2025-09-25,MNQ,3,-697.5,-69.75,-232.5,-1.395,0.0
type1_sniper,2025-09-25,MYM,1,-85.625,-34.25,-85.625,-0.17125,0.0
type1_sniper,2025-09-26,MGC,1,-432.50000000000455,-8.650000000000091,-432.50000000000455,-0.8650000000000092,0.0
type1_sniper,2025-09-29,MNQ,3,-500.0,-50.0,-166.66666666666666,-1.0,0.0
type1_sniper,2025-09-30,MCL,1,-225.00000000000142,-0.45000000000000284,-225.00000000000142,-0.45000000000000284,0.0
type1_sniper,2025-09-30,MES,5,743.75,29.75,148.75,1.4875000000000003,60.0
type1_sniper,2025-09-30,MGC,1,0.0,0.0,0.0,0.0,0.0
type1_sniper,2025-09-30,MNQ,1,0.0,0.0,0.0,0.0,0.0
type1_sniper,2025-09-30,MYM,1,-130.625,-52.25,-130.625,-0.26125,0.0
type1_sniper,2025-10-01,MCL,1,-225.00000000000142,-0.45000000000000284,-225.00000000000142,-0.45000000000000284,0.0
type1_sniper,2025-10-01,MGC,5,387.5,7.75,77.5,0.7749999999999998,40.0
type1_sniper,2025-10-01,MNQ,8,2385.625,238.5625,298.203125,4.771249999999999,87.5
type1_sniper,2025-10-01,MYM,2,120.0,48.0,60.0,0.24,50.0
type1_sniper,2025-10-02,MES,3,700.0,28.0,233.33333333333334,1.4000000000000001,66.66666666666666
type1_sniper,2025-10-02,MGC,1,-15.000000000009095,-0.3000000000001819,-15.000000000009095,-0.03000000000001819,0.0
type1_sniper,2025-10-02,MNQ,5,162.5,16.25,32.5,0.3249999999999998,40.0
type1_sniper,2025-10-02,MYM,3,705.0,282.0,235.0,1.41,66.66666666666666
type1_sniper,2025-10-03,MES,5,1125.0,45.0,225.0,2.25,60.0
type1_sniper,2025-10-03,MNQ,5,-192.5,-19.25,-38.5,-0.385,20.0
type1_sniper,2025-10-06,MGC,4,37.50000000002274,0.7500000000004547,9.375000000005684,0.07500000000004547,25.0
type1_sniper,2025-10-06,MNQ,5,-265.0,-26.5,-53.0,-0.53,40.0
type1_sniper,2025-10-06,MYM,3,1175.0,470.0,391.6666666666667,2.35,100.0
type1_sniper,2025-10-07,MES,1,-175.0,-7.0,-175.0,-0.35000000000000003,0.0
type1_sniper,2025-10-07,MGC,6,220.00000000000455,4.400000000000091,36.666666666667425,0.44000000000000905,33.33333333333333
type1_sniper,2025-10-07,MNQ,5,1185.0,118.5,237.0,2.37,60.0
type1_sniper,2025-10-08,MNQ,2,-170.0,-17.0,-85.0,-0.33999999999999997,0.0
type1_sniper,2025-10-14,MES,5,-606.25,-24.25,-121.25,-1.2125,20.0
type1_sniper,2025-10-14,MGC,1,0.0,0.0,0.0,0.0,0.0
type1_sniper,2025-10-14,MYM,4,3293.28125,1317.3125,823.3203125,6.5865625,75.0
type1_sniper,2025-10-15,MGC,4,-1219.9999999999818,-24.399999999999636,-304.99999999999545,-2.4399999999999635,0.0
type1_sniper,2025-10-16,MES,2,-125.0,-5.0,-62.5,-0.25,50.0
type1_sniper,2025-10-16,MGC,2,-500.0000000000455,-10.00000000000091,-250.00000000002274,-1.000000000000091,0.0
type1_sniper,2025-10-16,MNQ,4,1722.5,172.25,430.625,3.445,75.0
type1_sniper,2025-10-17,MES,2,750.0,30.0,375.0,1.5,50.0
type1_sniper,2025-10-17,MGC,2,-840.0000000000091,-16.800000000000182,-420.00000000000455,-1.6800000000000181,0.0
type1_sniper,2025-10-17,MNQ,1,-165.0,-16.5,-165.0,-0.33,0.0
type1_sniper,2025-10-20,MES,3,450.0,18.0,150.0,0.8999999999999999,66.66666666666666
type1_sniper,2025-10-20,MNQ,5,-102.5,-10.25,-20.5,-0.20499999999999996,20.0
type1_sniper,2025-10-21,MGC,2,-1284.999999999991,-25.699999999999818,-642.4999999999955,-2.5699999999999816,0.0
type1_sniper,2025-10-22,MES,1,-181.25,-7.25,-181.25,-0.36250000000000004,0.0
type1_sniper,2025-10-22,MNQ,1,-650.0,-65.0,-650.0,-1.3,0.0
type1_sniper,2025-10-22,MYM,1,-315.625,-126.25,-315.625,-0.6312500000000001,0.0
type1_sniper,2025-10-24,MCL,2,644.9999999999995,1.2899999999999991,322.4999999999998,1.2899999999999991,100.0
type1_sniper,2025-10-24,MGC,2,-307.4999999999818,-6.149999999999636,-153.7499999999909,-0.6149999999999636,0.0
type1_sniper,2025-10-27,MGC,4,-882.5000000000045,-17.65000000000009,-220.62500000000114,-1.765000000000009,0.0
type1_sniper,2025-10-27,MNQ,2,85.0,8.5,42.5,0.16999999999999998,50.0
type1_sniper,2025-10-28,MGC,4,-284.9999999999909,-5.699999999999818,-71.24999999999773,-0.5699999999999817,25.0
type1_sniper,2025-10-28,MNQ,2,135.0,13.5,67.5,0.27,50.0
type1_sniper,2025-10-29,MES,4,912.5,36.5,228.125,1.8250000000000002,50.0
type1_sniper,2025-10-29,MGC,5,4581.874999999923,91.63749999999845,916.3749999999845,9.163749999999846,60.0
type1_sniper,2025-10-29,MNQ,6,-2080.0,-208.0,-346.6666666666667,-4.16,33.33333333333333
type1_sniper,2025-10-29,MYM,6,863.90625,345.5625,143.984375,1.7278125,66.66666666666666
type1_sniper,2025-10-30,MES,1,-68.75,-2.75,-68.75,-0.13749999999999998,0.0
type1_sniper,2025-10-30,MNQ,5,-655.0,-65.5,-131.0,-1.3099999999999998,20.0
type1_sniper,2025-10-31,MCL,1,-125.0,-0.25,-125.0,-0.25,0.0
type1_sniper,2025-10-31,MES,3,1243.75,49.75,414.5833333333333,2.4875,100.0
type1_sniper,2025-10-31,MYM,1,-80.625,-32.25,-80.625,-0.16125,0.0
type1_sniper,2025-11-03,MYM,5,-498.125,-199.25,-99.625,-0.99625,0.0
type1_sniper,2025-11-04,MGC,4,175.0,3.5,43.75,0.3500000000000001,25.0
type1_sniper,2025-11-04,MYM,1,62.5,25.0,62.5,0.125,100.0
type1_sniper,2025-11-05,MYM,1,-72.5,-29.0,-72.5,-0.145,0.0
type1_sniper,2025-11-06,MES,4,700.0,28.0,175.0,1.4,50.0
type1_sniper,2025-11-06,MGC,5,2760.6250000000045,55.21250000000009,552.1250000000009,5.521250000000009,100.0
type1_sniper,2025-11-06,MNQ,4,2117.5,211.75,529.375,4.234999999999999,75.0
type1_sniper,2025-11-06,MYM,4,101.875,40.75,25.46875,0.20375,50.0
type1_sniper,2025-11-07,MNQ,2,-355.0,-35.5,-177.5,-0.71,0.0
type1_sniper,2025-11-07,MYM,4,-250.0,-100.0,-62.5,-0.5,0.0
type1_sniper,2025-11-10,MES,1,-137.5,-5.5,-137.5,-0.27499999999999997,0.0
type1_sniper,2025-11-10,MNQ,3,-447.5,-44.75,-149.16666666666666,-0.895,0.0
type1_sniper,2025-11-11,MYM,1,-133.125,-53.25,-133.125,-0.26625,0.0
type1_sniper,2025-11-12,MES,3,106.25,4.25,35.416666666666664,0.21250000000000008,33.33333333333333
type1_sniper,2025-11-12,MNQ,2,-367.5,-36.75,-183.75,-0.735,0.0
type1_sniper,2025-11-13,MGC,2,1665.624999999909,33.31249999999818,832.8124999999545,3.331249999999818,100.0
type1_sniper,2025-11-13,MYM,1,-50.625,-20.25,-50.625,-0.10124999999999999,0.0
type1_sniper,2025-11-14,MES,2,-206.25,-8.25,-103.125,-0.41250000000000003,0.0
type1_sniper,2025-11-14,MGC,1,-402.5000000000091,-8.050000000000182,-402.5000000000091,-0.8050000000000181,0.0
type1_sniper,2025-11-14,MNQ,1,-207.5,-20.75,-207.5,-0.415,0.0
type1_sniper,2025-11-14,MYM,1,-83.125,-33.25,-83.125,-0.16624999999999998,0.0
type1_sniper,2025-11-17,MES,7,2521.875,100.875,360.26785714285717,5.043749999999999,85.71428571428571
type1_sniper,2025-11-17,MNQ,2,100.0,10.0,50.0,0.2,50.0
type1_sniper,2025-11-18,MES,3,118.75,4.75,39.583333333333336,0.23750000000000016,66.66666666666666
type1_sniper,2025-11-18,MGC,3,1925.6250000000364,38.51250000000073,641.8750000000122,3.8512500000000727,100.0
type1_sniper,2025-11-18,MNQ,3,685.0,68.5,228.33333333333334,1.37,66.66666666666666
type1_sniper,2025-11-18,MYM,5,140.78125,56.3125,28.15625,0.2815625,60.0
type1_sniper,2025-11-19,MES,3,1543.75,61.75,514.5833333333334,3.0875,100.0
type1_sniper,2025-11-19,MGC,8,351.87499999995,7.0374999999989996,43.98437499999375,0.7037499999999002,37.5
type1_sniper,2025-11-19,MNQ,2,1326.25,132.625,663.125,2.6525,100.0
type1_sniper,2025-11-19,MYM,1,-340.625,-136.25,-340.625,-0.68125,0.0
type1_sniper,2025-11-20,MES,7,2056.25,82.25,293.75,4.1125,57.14285714285714
type1_sniper,2025-11-20,MNQ,5,2113.75,211.375,422.75,4.2275,60.0
type1_sniper,2025-11-20,MYM,7,1505.15625,602.0625,215.02232142857142,3.0103125,71.42857142857143
type1_sniper,2025-11-21,MGC,2,-620.0000000000045,-12.400000000000091,-310.0000000000023,-1.240000000000009,0.0
type1_sniper,2025-11-21,MNQ,1,-470.0,-47.0,-470.0,-0.9400000000000001,0.0
type1_sniper,2025-11-25,MES,3,1662.5,66.5,554.1666666666666,3.3249999999999997,66.66666666666666
type1_sniper,2025-11-25,MNQ,1,-310.0,-31.0,-310.0,-0.62,0.0
type1_sniper,2025-11-26,MES,2,-312.5,-12.5,-156.25,-0.625,0.0
type1_sniper,2025-11-26,MGC,3,532.5000000000273,10.650000000000546,177.5000000000091,1.0650000000000548,66.66666666666666
type1_sniper,2025-11-26,MNQ,9,-715.0,-71.5,-79.44444444444444,-1.4300000000000002,22.22222222222222
type1_sniper,2025-11-26,MYM,1,-45.625,-18.25,-45.625,-0.09125,0.0
type1_sniper,2025-11-27,MGC,2,465.0000000000091,9.300000000000182,232.50000000000455,0.9300000000000181,50.0
type1_sniper,2025-11-28,MES,3,-25.0,-1.0,-8.333333333333334,-0.04999999999999999,33.33333333333333
type1_sniper,2025-11-28,MNQ,2,-265.0,-26.5,-132.5,-0.53,0.0
type1_sniper,2025-11-28,MYM,2,-243.75,-97.5,-121.875,-0.4875,0.0
type1_sniper,2025-12-01,MGC,2,284.9999999999909,5.699999999999818,142.49999999999545,0.5699999999999819,50.0
type1_sniper,2025-12-01,MNQ,5,1518.125,151.8125,303.625,3.03625,80.0
type1_sniper,2025-12-01,MYM,5,750.0,300.0,150.0,1.5000000000000002,60.0
type1_sniper,2025-12-02,MGC,11,4701.250000000027,94.02500000000055,427.3863636363661,9.402500000000055,72.72727272727273
type1_sniper,2025-12-02,MNQ,1,-305.0,-30.5,-305.0,-0.61,0.0
type1_sniper,2025-12-03,MES,3,56.25,2.25,18.75,0.11249999999999999,33.33333333333333
type1_sniper,2025-12-03,MGC,2,469.9999999999818,9.399999999999636,234.9999999999909,0.9399999999999636,50.0
type1_sniper,2025-12-03,MNQ,3,788.75,78.875,262.9166666666667,1.5775,66.66666666666666
type1_sniper,2025-12-03,MYM,3,554.375,221.75,184.79166666666666,1.1087500000000001,66.66666666666666
type1_sniper,2025-12-04,MES,2,243.75,9.75,121.875,0.4875,50.0
type1_sniper,2025-12-04,MGC,3,590.0000000000091,11.800000000000182,196.6666666666697,1.1800000000000181,33.33333333333333
type1_sniper,2025-12-04,MNQ,3,954.375,95.4375,318.125,1.90875,100.0
type1_sniper,2025-12-04,MYM,2,355.0,142.0,177.5,0.7100000000000001,50.0
type1_sniper,2025-12-05,MES,2,250.0,10.0,125.0,0.5,50.0
type1_sniper,2025-12-05,MGC,3,2.500000000009095,0.0500000000001819,0.833333333336365,0.005000000000018157,33.33333333333333
type1_sniper,2025-12-05,MNQ,9,1967.5,196.75,218.61111111111111,3.935,55.55555555555556
type1_sniper,2025-12-08,MES,1,-81.25,-3.25,-81.25,-0.1625,0.0
type1_sniper,2025-12-08,MGC,2,-430.00000000006366,-8.600000000001273,-215.00000000003183,-0.8600000000001273,0.0
type1_sniper,2025-12-08,MYM,2,-211.25,-84.5,-105.625,-0.4225,0.0
type1_sniper,2025-12-09,MGC,4,1380.6249999999181,27.612499999998363,345.15624999997954,2.761249999999836,75.0
type1_sniper,2025-12-09,MNQ,2,1215.0,121.5,607.5,2.4299999999999997,100.0
type1_sniper,2025-12-09,MYM,1,-35.625,-14.25,-35.625,-0.07125000000000001,0.0
type1_sniper,2025-12-10,MES,6,812.5,32.5,135.41666666666666,1.6249999999999998,50.0
type1_sniper,2025-12-10,MNQ,10,3125.625,312.5625,312.5625,6.25125,70.0
type1_sniper,2025-12-10,MYM,1,-173.125,-69.25,-173.125,-0.34625,0.0
type1_sniper,2025-12-12,MES,3,-168.75,-6.75,-56.25,-0.3375,33.33333333333333
type1_sniper,2025-12-12,MGC,4,-1290.0000000000546,-25.80000000000109,-322.50000000001364,-2.5800000000001093,0.0
type1_sniper,2025-12-12,MYM,3,1818.28125,727.3125,606.09375,3.6365625,100.0
type1_sniper,2025-12-15,MNQ,6,-217.5,-21.75,-36.25,-0.435,16.666666666666664
type1_sniper,2025-12-15,MYM,4,-527.5,-211.0,-131.875,-1.055,0.0
type1_sniper,2025-12-16,MES,7,1926.5625,77.0625,275.2232142857143,3.853125,85.71428571428571
type1_sniper,2025-12-16,MGC,4,3091.8750000000728,61.837500000001455,772.9687500000182,6.1837500000001455,75.0
type1_sniper,2025-12-16,MNQ,3,2000.625,200.0625,666.875,4.00125,100.0
type1_sniper,2025-12-16,MYM,2,-356.25,-142.5,-178.125,-0.7124999999999999,0.0
type1_sniper,2025-12-17,MES,1,-125.0,-5.0,-125.0,-0.25,0.0
type1_sniper,2025-12-17,MGC,7,801.8750000002001,16.037500000004002,114.55357142860001,1.6037500000003997,42.857142857142854
type1_sniper,2025-12-17,MNQ,6,1192.5,119.25,198.75,2.385,50.0
type1_sniper,2025-12-22,MGC,1,-77.5000000000091,-1.550000000000182,-77.5000000000091,-0.15500000000001818,0.0
type1_sniper,2025-12-22,MNQ,7,-235.0,-23.5,-33.57142857142857,-0.47000000000000003,14.285714285714285
type1_sniper,2025-12-22,MYM,1,-243.125,-97.25,-243.125,-0.48624999999999996,0.0
type1_sniper,2025-12-23,MNQ,2,-202.5,-20.25,-101.25,-0.40499999999999997,0.0
type1_sniper,2025-12-23,MYM,1,-95.625,-38.25,-95.625,-0.19125,0.0
type1_sniper,2025-12-24,MES,1,-87.5,-3.5,-87.5,-0.17500000000000002,0.0
type1_sniper,2025-12-24,MNQ,2,-550.0,-55.0,-275.0,-1.1,0.0
type1_sniper,2025-12-26,MGC,3,-532.4999999999818,-10.649999999999636,-177.49999999999395,-1.0649999999999635,0.0
type1_sniper,2025-12-26,MNQ,1,-175.0,-17.5,-175.0,-0.35000000000000003,0.0
type1_sniper,2025-12-29,MGC,2,-1095.0000000000273,-21.900000000000546,-547.5000000000136,-2.1900000000000546,0.0
type1_sniper,2025-12-29,MNQ,2,-230.0,-23.0,-115.0,-0.45999999999999996,0.0
type1_sniper,2025-12-30,MYM,4,260.0,104.0,65.0,0.52,50.0
type1_sniper,2025-12-31,MGC,2,-504.9999999999727,-10.099999999999454,-252.49999999998636,-1.0099999999999454,0.0
type1_sniper,2025-12-31,MNQ,2,-215.0,-21.5,-107.5,-0.43,0.0
type1_sniper,2026-01-02,MES,4,-887.5,-35.5,-221.875,-1.775,25.0
type1_sniper,2026-01-02,MGC,1,-237.5,-4.75,-237.5,-0.475,0.0
type1_sniper,2026-01-02,MNQ,6,1867.5,186.75,311.25,3.735,66.66666666666666
type1_sniper,2026-01-02,MYM,3,597.5,239.0,199.16666666666666,1.195,66.66666666666666
type1_sniper,2026-01-05,MES,1,-175.0,-7.0,-175.0,-0.35000000000000003,0.0
type1_sniper,2026-01-05,MGC,4,1097.5000000000364,21.950000000000728,274.3750000000091,2.195000000000073,50.0
type1_sniper,2026-01-06,MGC,9,344.3750000000364,6.887500000000728,38.26388888889293,0.6887500000000728,44.44444444444444
type1_sniper,2026-01-07,MES,1,-200.0,-8.0,-200.0,-0.4,0.0
type1_sniper,2026-01-07,MGC,3,1410.0000000000364,28.200000000000728,470.0000000000121,2.8200000000000727,66.66666666666666
type1_sniper,2026-01-07,MNQ,1,-295.0,-29.5,-295.0,-0.59,0.0
type1_sniper,2026-01-07,MYM,3,2452.03125,980.8125,817.34375,4.9040625,100.0
type1_sniper,2026-01-08,MES,8,1003.125,40.125,125.390625,2.0062499999999996,62.5
type1_sniper,2026-01-08,MGC,10,4735.624999999936,94.71249999999873,473.56249999999363,9.471249999999873,60.0
type1_sniper,2026-01-09,MES,2,-356.25,-14.25,-178.125,-0.7125000000000001,0.0
type1_sniper,2026-01-09,MGC,1,-187.5,-3.75,-187.5,-0.375,0.0
type1_sniper,2026-01-09,MNQ,1,-147.5,-14.75,-147.5,-0.295,0.0
type1_sniper,2026-01-09,MYM,3,59.375,23.75,19.791666666666668,0.11874999999999997,33.33333333333333
type1_sniper,2026-01-12,MES,3,225.0,9.0,75.0,0.44999999999999996,66.66666666666666
type1_sniper,2026-01-12,MGC,5,684.9999999999909,13.699999999999818,136.99999999999818,1.3699999999999817,40.0
type1_sniper,2026-01-12,MNQ,3,310.0,31.0,103.33333333333333,0.6199999999999999,66.66666666666666
type1_sniper,2026-01-12,MYM,3,1578.90625,631.5625,526.3020833333334,3.1578125,100.0
type1_sniper,2026-01-13,MGC,2,794.9999999999818,15.899999999999636,397.4999999999909,1.5899999999999637,50.0
type1_sniper,2026-01-13,MNQ,5,2267.5,226.75,453.5,4.535,80.0
type1_sniper,2026-01-14,MES,1,-193.75,-7.75,-193.75,-0.3875,0.0
type1_sniper,2026-01-14,MGC,14,946.8750000000455,18.93750000000091,67.63392857143182,1.8937500000000909,35.714285714285715
type1_sniper,2026-01-14,MYM,5,-514.375,-205.75,-102.875,-1.02875,20.0
type1_sniper,2026-01-15,MNQ,1,-645.0,-64.5,-645.0,-1.29,0.0
type1_sniper,2026-01-16,MGC,3,965.0000000000091,19.300000000000182,321.6666666666697,1.9300000000000184,66.66666666666666
type1_sniper,2026-01-19,MES,3,418.75,16.75,139.58333333333334,0.8375,66.66666666666666
type1_sniper,2026-01-19,MNQ,5,770.0,77.0,154.0,1.54,60.0
type1_sniper,2026-01-19,MYM,1,-93.125,-37.25,-93.125,-0.18625,0.0
type1_sniper,2026-01-20,MES,5,-31.25,-1.25,-6.25,-0.0625,20.0
type1_sniper,2026-01-20,MGC,1,-117.50000000001819,-2.350000000000364,-117.50000000001819,-0.2350000000000364,0.0
type1_sniper,2026-01-20,MNQ,4,867.5,86.75,216.875,1.7350000000000003,50.0
type1_sniper,2026-01-20,MYM,1,-85.625,-34.25,-85.625,-0.17125,0.0
type1_sniper,2026-01-21,MGC,3,-677.5000000000091,-13.550000000000182,-225.83333333333636,-1.3550000000000182,0.0
type1_sniper,2026-01-21,MNQ,1,-302.5,-30.25,-302.5,-0.605,0.0
type1_sniper,2026-01-21,MYM,1,-85.625,-34.25,-85.625,-0.17125,0.0
type1_sniper,2026-01-22,MES,6,475.0,19.0,79.16666666666667,0.9500000000000001,50.0
type1_sniper,2026-01-22,MNQ,5,567.5,56.75,113.5,1.135,60.0
type1_sniper,2026-01-22,MYM,1,-118.125,-47.25,-118.125,-0.23625000000000002,0.0
type1_sniper,2026-01-23,MGC,1,-347.4999999999909,-6.949999999999818,-347.4999999999909,-0.6949999999999819,0.0
type1_sniper,2026-01-23,MNQ,2,927.5,92.75,463.75,1.855,100.0
type1_sniper,2026-01-23,MYM,4,-163.75,-65.5,-40.9375,-0.3274999999999999,25.0
type1_sniper,2026-01-26,MGC,18,5301.249999999845,106.02499999999691,294.5138888888803,10.602499999999692,72.22222222222221
type1_sniper,2026-01-26,MNQ,2,-430.0,-43.0,-215.0,-0.86,0.0
type1_sniper,2026-01-26,MYM,3,507.65625,203.0625,169.21875,1.0153125,100.0
type1_sniper,2026-01-27,MNQ,7,-2.5,-0.25,-0.35714285714285715,-0.004999999999999893,28.57142857142857
type1_sniper,2026-01-28,MCL,2,-655.0000000000011,-1.3100000000000023,-327.50000000000057,-1.3100000000000023,0.0
type1_sniper,2026-01-28,MES,4,1512.5,60.5,378.125,3.0250000000000004,75.0
type1_sniper,2026-01-28,MNQ,1,0.0,0.0,0.0,0.0,0.0
type1_sniper,2026-01-28,MYM,1,50.0,20.0,50.0,0.1,100.0
type1_sniper,2026-01-29,MES,1,-193.75,-7.75,-193.75,-0.3875,0.0
type1_sniper,2026-01-29,MNQ,1,-157.5,-15.75,-157.5,-0.315,0.0
type1_sniper,2026-01-29,MYM,4,613.90625,245.5625,153.4765625,1.2278125,75.0
type1_sniper,2026-01-30,MGC,1,-2367.500000000018,-47.350000000000364,-2367.500000000018,-4.735000000000037,0.0
type1_sniper,2026-02-02,MES,5,1343.75,53.75,268.75,2.6875,60.0
type1_sniper,2026-02-02,MNQ,3,637.5,63.75,212.5,1.2750000000000001,66.66666666666666
type1_sniper,2026-02-02,MYM,1,-95.625,-38.25,-95.625,-0.19125,0.0
type1_sniper,2026-02-03,MNQ,11,739.375,73.9375,67.2159090909091,1.4787499999999998,45.45454545454545
type1_sniper,2026-02-03,MYM,4,1514.53125,605.8125,378.6328125,3.0290625,75.0
type1_sniper,2026-02-04,MGC,1,-522.4999999999909,-10.449999999999818,-522.4999999999909,-1.044999999999982,0.0
type1_sniper,2026-02-05,MES,1,0.0,0.0,0.0,0.0,0.0
type1_sniper,2026-02-05,MNQ,1,-1067.5,-106.75,-1067.5,-2.1350000000000002,0.0
type1_sniper,2026-02-06,MES,2,-256.25,-10.25,-128.125,-0.5125,0.0
type1_sniper,2026-02-09,MNQ,1,-167.5,-16.75,-167.5,-0.335,0.0
type1_sniper,2026-02-10,MES,4,-81.25,-3.25,-20.3125,-0.1625000000000001,25.0
type1_sniper,2026-02-10,MNQ,2,2065.0,206.5,1032.5,4.13,100.0
type1_sniper,2026-02-10,MYM,2,-108.125,-43.25,-54.0625,-0.21625,0.0
type1_sniper,2026-02-11,MGC,1,-382.4999999999818,-7.649999999999636,-382.4999999999818,-0.7649999999999636,0.0
type1_sniper,2026-02-13,MES,5,-1112.5,-44.5,-222.5,-2.225,0.0
type1_sniper,2026-02-13,MNQ,9,-540.0,-54.0,-60.0,-1.08,33.33333333333333
type1_sniper,2026-02-13,MYM,1,-188.125,-75.25,-188.125,-0.37625,0.0
type1_sniper,2026-02-17,MES,3,-731.25,-29.25,-243.75,-1.4625000000000001,33.33333333333333
type1_sniper,2026-02-17,MGC,7,1542.5000000000182,30.850000000000364,220.35714285714545,3.0850000000000364,42.857142857142854
type1_sniper,2026-02-17,MNQ,7,8318.75,831.875,1188.392857142857,16.6375,85.71428571428571
type1_sniper,2026-02-17,MYM,2,-281.25,-112.5,-140.625,-0.5625,0.0
type1_sniper,2026-02-18,MES,4,-412.5,-16.5,-103.125,-0.825,25.0
type1_sniper,2026-02-18,MGC,6,864.9999999999636,17.299999999999272,144.1666666666606,1.7299999999999272,50.0
type1_sniper,2026-02-18,MNQ,2,-510.0,-51.0,-255.0,-1.02,0.0
type1_sniper,2026-02-18,MYM,2,300.0,120.0,150.0,0.6,100.0
type1_sniper,2026-02-19,MGC,4,1686.8750000000546,33.73750000000109,421.71875000001364,3.3737500000001095,75.0
type1_sniper,2026-02-19,MYM,1,-350.625,-140.25,-350.625,-0.7012499999999999,0.0
type1_sniper,2026-02-20,MES,5,925.0,37.0,185.0,1.85,40.0
type1_sniper,2026-02-20,MGC,4,-354.9999999999727,-7.099999999999454,-88.74999999999318,-0.7099999999999456,25.0
type1_sniper,2026-02-20,MNQ,8,5747.5,574.75,718.4375,11.495,50.0
type1_sniper,2026-02-20,MYM,3,1291.875,516.75,430.625,2.58375,66.66666666666666
type1_sniper,2026-02-23,MES,2,-343.75,-13.75,-171.875,-0.6875,0.0
type1_sniper,2026-02-23,MNQ,2,567.5,56.75,283.75,1.135,50.0
type1_sniper,2026-02-24,MNQ,2,-137.5,-13.75,-68.75,-0.275,50.0
type1_sniper,2026-02-25,MNQ,1,-85.0,-8.5,-85.0,-0.16999999999999998,0.0
type1_sniper,2026-02-25,MYM,1,-120.625,-48.25,-120.625,-0.24125000000000002,0.0
type1_sniper,2026-02-26,MES,1,0.0,0.0,0.0,0.0,0.0
type1_sniper,2026-02-26,MNQ,5,2070.0,207.0,414.0,4.140000000000001,80.0
type1_sniper,2026-02-26,MYM,3,1278.28125,511.3125,426.09375,2.5565625,100.0
type1_sniper,2026-02-27,MES,1,-231.25,-9.25,-231.25,-0.46249999999999997,0.0
type1_sniper,2026-02-27,MNQ,1,-432.5,-43.25,-432.5,-0.865,0.0
type1_sniper,2026-03-02,MES,1,-237.5,-9.5,-237.5,-0.475,0.0
type1_sniper,2026-03-02,MGC,5,-862.5000000000455,-17.25000000000091,-172.5000000000091,-1.7250000000000907,20.0
type1_sniper,2026-03-02,MNQ,4,92.5,9.25,23.125,0.18499999999999994,25.0
type1_sniper,2026-03-03,MCL,4,2064.9999999999905,4.129999999999981,516.2499999999976,4.129999999999981,75.0
type1_sniper,2026-03-03,MES,7,3887.5,155.5,555.3571428571429,7.775,71.42857142857143
type1_sniper,2026-03-03,MGC,2,1420.0000000000728,28.400000000001455,710.0000000000364,2.8400000000001455,100.0
type1_sniper,2026-03-03,MNQ,5,880.0,88.0,176.0,1.76,40.0
type1_sniper,2026-03-03,MYM,1,-60.625,-24.25,-60.625,-0.12125,0.0
type1_sniper,2026-03-04,MES,6,281.25,11.25,46.875,0.5625,33.33333333333333
type1_sniper,2026-03-05,MGC,3,-769.9999999999363,-15.399999999998727,-256.6666666666454,-1.5399999999998726,0.0
type1_sniper,2026-03-05,MYM,1,-208.125,-83.25,-208.125,-0.41625000000000006,0.0
type1_sniper,2026-03-06,MES,2,-437.5,-17.5,-218.75,-0.8750000000000001,0.0
type1_sniper,2026-03-06,MNQ,3,870.0,87.0,290.0,1.7399999999999998,33.33333333333333
type1_sniper,2026-03-10,MES,1,-156.25,-6.25,-156.25,-0.3125,0.0
type1_sniper,2026-03-10,MNQ,3,-597.5,-59.75,-199.16666666666666,-1.195,0.0
type1_sniper,2026-03-10,MYM,1,-55.625,-22.25,-55.625,-0.11125,0.0
type1_sniper,2026-03-11,MES,8,412.5,16.5,51.5625,0.8250000000000001,50.0
type1_sniper,2026-03-11,MYM,2,-473.75,-189.5,-236.875,-0.9475,0.0
type1_sniper,2026-03-12,MES,1,-400.0,-16.0,-400.0,-0.8,0.0
type1_sniper,2026-03-12,MYM,2,-671.25,-268.5,-335.625,-1.3425000000000002,0.0
type1_sniper,2026-03-13,MES,3,1076.5625,43.0625,358.8541666666667,2.1531249999999997,100.0
type1_sniper,2026-03-13,MYM,9,-179.21875,-71.6875,-19.913194444444443,-0.3584375,33.33333333333333
type1_sniper,2026-03-16,MYM,1,-90.625,-36.25,-90.625,-0.18125000000000002,0.0
type1_sniper,2026-03-17,MES,3,68.75,2.75,22.916666666666668,0.13750000000000007,33.33333333333333
type1_sniper,2026-03-17,MGC,1,-212.5,-4.25,-212.5,-0.42500000000000004,0.0
type1_sniper,2026-03-17,MNQ,4,155.0,15.5,38.75,0.31000000000000005,25.0
type1_sniper,2026-03-18,MCL,4,1164.999999999992,2.329999999999984,291.249999999998,2.329999999999984,50.0
type1_sniper,2026-03-18,MES,1,0.0,0.0,0.0,0.0,0.0
type1_sniper,2026-03-18,MNQ,3,3611.25,361.125,1203.75,7.2225,100.0
type1_sniper,2026-03-19,MNQ,1,-610.0,-61.0,-610.0,-1.22,0.0
type1_sniper,2026-03-20,MES,2,671.875,26.875,335.9375,1.34375,100.0
type1_sniper,2026-03-20,MGC,4,-315.0000000000091,-6.300000000000182,-78.75000000000227,-0.6300000000000183,25.0
type1_sniper,2026-03-20,MNQ,3,2330.625,233.0625,776.875,4.66125,100.0
type1_sniper,2026-03-23,MES,1,-112.5,-4.5,-112.5,-0.22499999999999998,0.0
type1_sniper,2026-03-23,MNQ,1,-355.0,-35.5,-355.0,-0.7100000000000001,0.0
type1_sniper,2026-03-25,MES,7,712.5,28.5,101.78571428571429,1.4249999999999998,42.857142857142854
type1_sniper,2026-03-25,MYM,3,274.375,109.75,91.45833333333333,0.5487500000000001,66.66666666666666
type1_sniper,2026-03-26,MES,3,-606.25,-24.25,-202.08333333333334,-1.2125000000000001,0.0
type1_sniper,2026-03-26,MGC,1,-427.5000000000091,-8.550000000000182,-427.5000000000091,-0.8550000000000182,0.0
type1_sniper,2026-03-26,MNQ,4,195.0,19.5,48.75,0.3900000000000001,50.0
type1_sniper,2026-03-26,MYM,1,-148.125,-59.25,-148.125,-0.29625,0.0
type1_sniper,2026-03-27,MES,2,200.0,8.0,100.0,0.4,50.0
type1_sniper,2026-03-27,MGC,3,2810.624999999982,56.212499999999636,936.874999999994,5.621249999999964,100.0
type1_sniper,2026-03-27,MNQ,1,-142.5,-14.25,-142.5,-0.28500000000000003,0.0
type1_sniper,2026-03-27,MYM,3,36.875,14.75,12.291666666666666,0.07374999999999998,33.33333333333333
type1_sniper,2026-03-30,MGC,2,-794.9999999999818,-15.899999999999636,-397.4999999999909,-1.5899999999999637,0.0
type1_sniper,2026-03-31,MYM,1,-323.125,-129.25,-323.125,-0.64625,0.0
type1_sniper,2026-04-01,MCL,2,325.00000000000284,0.6500000000000057,162.50000000000142,0.6500000000000057,50.0
type1_sniper,2026-04-01,MES,1,-125.0,-5.0,-125.0,-0.25,0.0
type1_sniper,2026-04-01,MGC,3,-1097.499999999991,-21.949999999999818,-365.8333333333303,-2.194999999999982,0.0
type1_sniper,2026-04-01,MNQ,3,100.0,10.0,33.333333333333336,0.2,33.33333333333333
type1_sniper,2026-04-02,MES,1,-87.5,-3.5,-87.5,-0.17500000000000002,0.0
type1_sniper,2026-04-02,MGC,5,1049.3749999998272,20.987499999996544,209.87499999996544,2.0987499999996544,60.0
type1_sniper,2026-04-02,MNQ,2,-375.0,-37.5,-187.5,-0.75,0.0
type1_sniper,2026-04-02,MYM,2,1115.0,446.0,557.5,2.23,100.0
type1_sniper,2026-04-06,MES,6,137.5,5.5,22.916666666666668,0.275,33.33333333333333
type1_sniper,2026-04-06,MNQ,5,850.0,85.0,170.0,1.7,40.0
type1_sniper,2026-04-06,MYM,2,-471.25,-188.5,-235.625,-0.9424999999999999,0.0
type2_baseline,2025-04-17,MGC,3,2420.0000000000273,48.400000000000546,806.6666666666757,4.840000000000055,100.0
type2_baseline,2025-04-22,MES,2,606.25,24.25,303.125,1.2125000000000001,50.0
type2_baseline,2025-04-22,MGC,3,4686.875000000032,93.73750000000064,1562.2916666666772,9.373750000000063,100.0
type2_baseline,2025-04-25,MNQ,2,1047.5,104.75,523.75,2.095,50.0
type2_baseline,2025-04-29,MYM,1,-285.625,-114.25,-285.625,-0.5712499999999999,0.0
type2_baseline,2025-04-30,MCL,1,-404.9999999999976,-0.8099999999999952,-404.9999999999976,-0.8099999999999953,0.0
type2_baseline,2025-05-01,MES,1,-543.75,-21.75,-543.75,-1.0875,0.0
type2_baseline,2025-05-01,MGC,1,-237.5,-4.75,-237.5,-0.475,0.0
type2_baseline,2025-05-01,MNQ,1,-252.5,-25.25,-252.5,-0.505,0.0
type2_baseline,2025-05-06,MES,1,-200.0,-8.0,-200.0,-0.4,0.0
type2_baseline,2025-05-06,MGC,1,-662.5,-13.25,-662.5,-1.325,0.0
type2_baseline,2025-05-06,MNQ,1,-312.5,-31.25,-312.5,-0.625,0.0
type2_baseline,2025-05-08,MGC,1,-392.49999999999545,-7.849999999999909,-392.49999999999545,-0.7849999999999909,0.0
type2_baseline,2025-05-08,MNQ,1,-172.5,-17.25,-172.5,-0.345,0.0
type2_baseline,2025-05-14,MNQ,1,-795.0,-79.5,-795.0,-1.59,0.0
type2_baseline,2025-05-15,MES,1,-193.75,-7.75,-193.75,-0.3875,0.0
type2_baseline,2025-05-15,MGC,3,2654.374999999959,53.08749999999918,884.791666666653,5.308749999999918,100.0
type2_baseline,2025-05-15,MNQ,2,602.5,60.25,301.25,1.205,50.0
type2_baseline,2025-05-16,MYM,1,-230.625,-92.25,-230.625,-0.46125000000000005,0.0
type2_baseline,2025-05-21,MGC,2,309.9999999999909,6.199999999999818,154.99999999999545,0.6199999999999819,50.0
type2_baseline,2025-05-21,MNQ,3,2228.125,222.8125,742.7083333333334,4.45625,100.0
type2_baseline,2025-05-26,MNQ,1,-180.0,-18.0,-180.0,-0.36,0.0
type2_baseline,2025-05-29,MGC,2,134.9999999999909,2.699999999999818,67.49999999999545,0.2699999999999818,50.0
type2_baseline,2025-05-29,MYM,2,505.0,202.0,252.5,1.01,100.0
type2_baseline,2025-06-02,MNQ,1,-325.0,-32.5,-325.0,-0.65,0.0
type2_baseline,2025-06-04,MNQ,1,-582.5,-58.25,-582.5,-1.165,0.0
type2_baseline,2025-06-05,MES,3,243.75,9.75,81.25,0.48750000000000004,33.33333333333333
type2_baseline,2025-06-05,MNQ,3,716.875,71.6875,238.95833333333334,1.43375,100.0
type2_baseline,2025-06-10,MGC,2,454.99999999999545,9.099999999999909,227.49999999999773,0.9099999999999908,50.0
type2_baseline,2025-06-12,MNQ,3,2835.0,283.5,945.0,5.67,100.0
type2_baseline,2025-06-13,MYM,1,-5.0,-2.0,-5.0,-0.01,0.0
type2_baseline,2025-06-18,MCL,1,780.0000000000011,1.5600000000000023,780.0000000000011,1.5600000000000023,100.0
type2_baseline,2025-06-19,MNQ,1,-125.0,-12.5,-125.0,-0.25,0.0
type2_baseline,2025-06-20,MGC,2,225.0,4.5,112.5,0.44999999999999996,50.0
type2_baseline,2025-06-23,MNQ,1,-165.0,-16.5,-165.0,-0.33,0.0
type2_baseline,2025-06-30,MNQ,1,-95.0,-9.5,-95.0,-0.19,0.0
type2_baseline,2025-07-07,MGC,3,1994.3749999999454,39.88749999999891,664.7916666666484,3.9887499999998908,100.0
type2_baseline,2025-07-08,MGC,3,904.9999999999955,18.09999999999991,301.66666666666515,1.809999999999991,100.0
type2_baseline,2025-07-10,MGC,2,410.00000000001364,8.200000000000273,205.00000000000682,0.8200000000000273,50.0
type2_baseline,2025-07-11,MGC,3,-162.5,-3.25,-54.166666666666664,-0.32499999999999996,33.33333333333333
type2_baseline,2025-07-17,MES,1,-162.5,-6.5,-162.5,-0.325,0.0
type2_baseline,2025-07-17,MNQ,1,-142.5,-14.25,-142.5,-0.28500000000000003,0.0
type2_baseline,2025-07-18,MGC,3,-122.4999999999909,-2.449999999999818,-40.8333333333303,-0.2449999999999818,33.33333333333333
type2_baseline,2025-07-18,MNQ,2,540.0,54.0,270.0,1.08,50.0
type2_baseline,2025-07-22,MNQ,2,590.0,59.0,295.0,1.18,100.0
type2_baseline,2025-07-24,MGC,1,-342.49999999999545,-6.849999999999909,-342.49999999999545,-0.684999999999991,0.0
type2_baseline,2025-07-29,MNQ,1,-127.5,-12.75,-127.5,-0.255,0.0
type2_baseline,2025-07-30,MYM,1,-205.625,-82.25,-205.625,-0.41125,0.0
type2_baseline,2025-07-31,MYM,1,-190.625,-76.25,-190.625,-0.38125,0.0
type2_baseline,2025-08-01,MGC,3,620.0000000000045,12.400000000000091,206.6666666666682,1.240000000000009,66.66666666666666
type2_baseline,2025-08-05,MGC,1,-172.4999999999909,-3.449999999999818,-172.4999999999909,-0.3449999999999818,0.0
type2_baseline,2025-08-05,MNQ,3,847.5,84.75,282.5,1.695,66.66666666666666
type2_baseline,2025-08-06,MCL,2,1359.9999999999923,2.7199999999999847,679.9999999999961,2.7199999999999847,100.0
type2_baseline,2025-08-07,MGC,2,-525.0,-10.5,-262.5,-1.05,0.0
type2_baseline,2025-08-08,MNQ,1,-267.5,-26.75,-267.5,-0.5349999999999999,0.0
type2_baseline,2025-08-12,MGC,3,362.5,7.25,120.83333333333333,0.7249999999999999,66.66666666666666
type2_baseline,2025-08-13,MGC,1,-267.49999999999545,-5.349999999999909,-267.49999999999545,-0.5349999999999908,0.0
type2_baseline,2025-08-14,MES,3,843.75,33.75,281.25,1.6875,66.66666666666666
type2_baseline,2025-08-18,MES,2,262.5,10.5,131.25,0.525,100.0
type2_baseline,2025-08-18,MGC,2,85.00000000001364,1.7000000000002728,42.50000000000682,0.1700000000000273,50.0
type2_baseline,2025-08-20,MGC,1,-212.5,-4.25,-212.5,-0.42500000000000004,0.0
type2_baseline,2025-08-21,MYM,2,-245.625,-98.25,-122.8125,-0.49125,0.0
type2_baseline,2025-08-22,MGC,2,896.875,17.9375,448.4375,1.7937500000000002,100.0
type2_baseline,2025-08-27,MNQ,1,-392.5,-39.25,-392.5,-0.7849999999999999,0.0
type2_baseline,2025-08-29,MNQ,1,-407.5,-40.75,-407.5,-0.815,0.0
type2_baseline,2025-09-01,MGC,2,300.0,6.0,150.0,0.6,50.0
type2_baseline,2025-09-04,MCL,1,-289.99999999999915,-0.5799999999999983,-289.99999999999915,-0.5799999999999983,0.0
type2_baseline,2025-09-04,MES,1,-318.75,-12.75,-318.75,-0.6375,0.0
type2_baseline,2025-09-05,MYM,3,1236.40625,494.5625,412.1354166666667,2.4728125,100.0
type2_baseline,2025-09-08,MGC,3,-477.5000000000091,-9.550000000000182,-159.1666666666697,-0.9550000000000183,0.0
type2_baseline,2025-09-09,MGC,6,1187.4999999999773,23.749999999999545,197.91666666666288,2.3749999999999547,50.0
type2_baseline,2025-09-10,MNQ,1,-215.0,-21.5,-215.0,-0.43,0.0
type2_baseline,2025-09-12,MGC,1,-57.50000000000455,-1.150000000000091,-57.50000000000455,-0.11500000000000911,0.0
type2_baseline,2025-09-12,MNQ,2,212.5,21.25,106.25,0.42500000000000004,50.0
type2_baseline,2025-09-16,MGC,1,-152.49999999998636,-3.049999999999727,-152.49999999998636,-0.3049999999999727,0.0
type2_baseline,2025-09-16,MNQ,2,777.5,77.75,388.75,1.5550000000000002,100.0
type2_baseline,2025-09-17,MES,1,-131.25,-5.25,-131.25,-0.2625,0.0
type2_baseline,2025-09-17,MGC,1,-197.4999999999909,-3.949999999999818,-197.4999999999909,-0.3949999999999818,0.0
type2_baseline,2025-09-25,MNQ,1,-572.5,-57.25,-572.5,-1.145,0.0
type2_baseline,2025-09-30,MGC,1,-372.4999999999909,-7.449999999999818,-372.4999999999909,-0.7449999999999818,0.0
type2_baseline,2025-10-01,MNQ,3,1120.0,112.0,373.3333333333333,2.24,66.66666666666666
type2_baseline,2025-10-02,MNQ,1,-530.0,-53.0,-530.0,-1.06,0.0
type2_baseline,2025-10-06,MGC,2,-464.99999999998636,-9.299999999999727,-232.49999999999318,-0.9299999999999727,0.0
type2_baseline,2025-10-06,MNQ,1,-387.5,-38.75,-387.5,-0.775,0.0
type2_baseline,2025-10-07,MES,1,-125.0,-5.0,-125.0,-0.25,0.0
type2_baseline,2025-10-07,MGC,1,-212.5,-4.25,-212.5,-0.42500000000000004,0.0
type2_baseline,2025-10-14,MES,2,143.75,5.75,71.875,0.2875,50.0
type2_baseline,2025-10-14,MGC,2,1415.000000000009,28.300000000000182,707.5000000000045,2.8300000000000183,50.0
type2_baseline,2025-10-16,MES,1,-56.25,-2.25,-56.25,-0.11249999999999999,0.0
type2_baseline,2025-10-20,MNQ,2,-402.5,-40.25,-201.25,-0.8049999999999999,0.0
type2_baseline,2025-10-24,MCL,1,195.00000000000028,0.39000000000000057,195.00000000000028,0.39000000000000057,100.0
type2_baseline,2025-10-27,MNQ,1,-72.5,-7.25,-72.5,-0.145,0.0
type2_baseline,2025-10-29,MES,1,-1387.5,-55.5,-1387.5,-2.775,0.0
type2_baseline,2025-10-29,MGC,4,4874.374999999941,97.48749999999882,1218.5937499999852,9.748749999999882,75.0
type2_baseline,2025-10-29,MNQ,1,-1870.0,-187.0,-1870.0,-3.74,0.0
type2_baseline,2025-10-29,MYM,3,727.03125,290.8125,242.34375,1.4540625,100.0
type2_baseline,2025-10-31,MYM,3,937.65625,375.0625,312.5520833333333,1.8753125000000002,100.0
type2_baseline,2025-11-03,MYM,1,-230.625,-92.25,-230.625,-0.46125000000000005,0.0
type2_baseline,2025-11-06,MNQ,1,-445.0,-44.5,-445.0,-0.89,0.0
type2_baseline,2025-11-17,MGC,2,860.0000000000136,17.200000000000273,430.0000000000068,1.7200000000000275,100.0
type2_baseline,2025-11-18,MYM,1,-183.125,-73.25,-183.125,-0.36625,0.0
type2_baseline,2025-11-19,MGC,1,-302.5000000000091,-6.050000000000182,-302.5000000000091,-0.6050000000000182,0.0
type2_baseline,2025-11-20,MNQ,4,4507.5,450.75,1126.875,9.014999999999999,75.0
type2_baseline,2025-11-20,MYM,1,-348.125,-139.25,-348.125,-0.69625,0.0
type2_baseline,2025-11-26,MGC,1,575.0,11.5,575.0,1.15,100.0
type2_baseline,2025-11-26,MNQ,3,-110.0,-11.0,-36.666666666666664,-0.21999999999999997,33.33333333333333
type2_baseline,2025-11-27,MGC,2,465.0000000000091,9.300000000000182,232.50000000000455,0.9300000000000181,50.0
type2_baseline,2025-12-02,MGC,1,-302.4999999999636,-6.049999999999272,-302.4999999999636,-0.6049999999999273,0.0
type2_baseline,2025-12-02,MNQ,2,-1402.5,-140.25,-701.25,-2.805,0.0
type2_baseline,2025-12-03,MNQ,1,35.0,3.5,35.0,0.06999999999999999,100.0
type2_baseline,2025-12-05,MNQ,5,1977.5,197.75,395.5,3.955,80.0
type2_baseline,2025-12-08,MGC,1,-287.5,-5.75,-287.5,-0.575,0.0
type2_baseline,2025-12-09,MNQ,2,1215.0,121.5,607.5,2.4299999999999997,100.0
type2_baseline,2025-12-15,MNQ,1,-327.5,-32.75,-327.5,-0.655,0.0
type2_baseline,2025-12-16,MES,1,-400.0,-16.0,-400.0,-0.8,0.0
type2_baseline,2025-12-16,MGC,1,-302.5000000000091,-6.050000000000182,-302.5000000000091,-0.6050000000000182,0.0
type2_baseline,2025-12-17,MES,1,-212.5,-8.5,-212.5,-0.42500000000000004,0.0
type2_baseline,2025-12-17,MGC,1,-492.5000000000182,-9.850000000000364,-492.5000000000182,-0.9850000000000364,0.0
type2_baseline,2025-12-17,MNQ,4,3808.75,380.875,952.1875,7.6175,75.0
type2_baseline,2025-12-26,MGC,1,-452.5000000000091,-9.050000000000182,-452.5000000000091,-0.9050000000000181,0.0
type2_baseline,2025-12-30,MYM,1,-65.625,-26.25,-65.625,-0.13125,0.0
type2_baseline,2025-12-31,MGC,1,-382.4999999999818,-7.649999999999636,-382.4999999999818,-0.7649999999999636,0.0
type2_baseline,2026-01-02,MES,1,43.75,1.75,43.75,0.08750000000000001,100.0
type2_baseline,2026-01-02,MNQ,4,7542.5,754.25,1885.625,15.084999999999999,75.0
type2_baseline,2026-01-06,MGC,5,1684.9999999999454,33.69999999999891,336.9999999999891,3.369999999999891,60.0
type2_baseline,2026-01-07,MES,1,-131.25,-5.25,-131.25,-0.2625,0.0
type2_baseline,2026-01-08,MES,1,250.0,10.0,250.0,0.5,100.0
type2_baseline,2026-01-08,MGC,3,4741.875000000073,94.83750000000146,1580.6250000000243,9.483750000000146,100.0
type2_baseline,2026-01-12,MGC,1,15.000000000009095,0.3000000000001819,15.000000000009095,0.03000000000001819,100.0
type2_baseline,2026-01-14,MES,1,-193.75,-7.75,-193.75,-0.3875,0.0
type2_baseline,2026-01-14,MGC,2,-729.9999999999727,-14.599999999999454,-364.99999999998636,-1.4599999999999456,0.0
type2_baseline,2026-01-15,MNQ,1,-645.0,-64.5,-645.0,-1.29,0.0
type2_baseline,2026-01-16,MGC,2,834.9999999999909,16.699999999999818,417.49999999999545,1.6699999999999817,100.0
type2_baseline,2026-01-19,MES,1,-243.75,-9.75,-243.75,-0.4875,0.0
type2_baseline,2026-01-23,MGC,1,-347.4999999999909,-6.949999999999818,-347.4999999999909,-0.6949999999999819,0.0
type2_baseline,2026-01-26,MGC,3,-1797.499999999991,-35.94999999999982,-599.1666666666637,-3.594999999999982,0.0
type2_baseline,2026-01-27,MNQ,2,-367.5,-36.75,-183.75,-0.735,0.0
type2_baseline,2026-01-28,MNQ,2,732.5,73.25,366.25,1.465,50.0
type2_baseline,2026-02-02,MYM,1,-95.625,-38.25,-95.625,-0.19125,0.0
type2_baseline,2026-02-03,MNQ,2,-367.5,-36.75,-183.75,-0.7350000000000001,0.0
type2_baseline,2026-02-04,MGC,1,-522.4999999999909,-10.449999999999818,-522.4999999999909,-1.044999999999982,0.0
type2_baseline,2026-02-06,MES,1,-168.75,-6.75,-168.75,-0.3375,0.0
type2_baseline,2026-02-11,MGC,1,-1592.5000000000182,-31.850000000000364,-1592.5000000000182,-3.1850000000000365,0.0
type2_baseline,2026-02-13,MES,2,431.25,17.25,215.625,0.8625,50.0
type2_baseline,2026-02-17,MGC,1,-592.5000000000182,-11.850000000000364,-592.5000000000182,-1.1850000000000365,0.0
type2_baseline,2026-02-17,MNQ,3,5623.125,562.3125,1874.375,11.24625,100.0
type2_baseline,2026-02-17,MYM,3,742.5,297.0,247.5,1.4849999999999999,66.66666666666666
type2_baseline,2026-02-18,MES,2,193.75,7.75,96.875,0.3875,50.0
type2_baseline,2026-02-19,MGC,2,1039.9999999999636,20.799999999999272,519.9999999999818,2.0799999999999272,100.0
type2_baseline,2026-02-19,MYM,1,-108.125,-43.25,-108.125,-0.21625,0.0
type2_baseline,2026-02-20,MNQ,3,3485.0,348.5,1161.6666666666667,6.97,66.66666666666666
type2_baseline,2026-02-23,MES,1,87.5,3.5,87.5,0.17500000000000002,100.0
type2_baseline,2026-02-26,MES,3,962.5,38.5,320.8333333333333,1.9249999999999998,100.0
type2_baseline,2026-02-26,MNQ,3,1772.5,177.25,590.8333333333334,3.545,100.0
type2_baseline,2026-02-27,MNQ,1,-432.5,-43.25,-432.5,-0.865,0.0
type2_baseline,2026-03-03,MNQ,4,4767.5,476.75,1191.875,9.535,75.0
type2_baseline,2026-03-06,MES,2,-506.25,-20.25,-253.125,-1.0125000000000002,0.0
type2_baseline,2026-03-06,MNQ,1,0.0,0.0,0.0,0.0,0.0
type2_baseline,2026-03-10,MNQ,1,-427.5,-42.75,-427.5,-0.855,0.0
type2_baseline,2026-03-17,MES,1,68.75,2.75,68.75,0.13749999999999998,100.0
type2_baseline,2026-03-17,MNQ,2,470.0,47.0,235.0,0.9400000000000001,50.0
type2_baseline,2026-03-18,MCL,2,765.0000000000006,1.5300000000000011,382.5000000000003,1.5300000000000011,50.0
type2_baseline,2026-03-19,MNQ,1,-610.0,-61.0,-610.0,-1.22,0.0
type2_baseline,2026-03-20,MGC,1,-717.5000000000182,-14.350000000000364,-717.5000000000182,-1.4350000000000365,0.0
type2_baseline,2026-03-23,MES,1,-250.0,-10.0,-250.0,-0.5,0.0
type2_baseline,2026-03-23,MNQ,1,-355.0,-35.5,-355.0,-0.7100000000000001,0.0
type2_baseline,2026-03-25,MYM,1,-350.625,-140.25,-350.625,-0.7012499999999999,0.0
type2_baseline,2026-03-26,MNQ,1,-425.0,-42.5,-425.0,-0.8500000000000001,0.0
type2_baseline,2026-03-30,MGC,1,-212.5,-4.25,-212.5,-0.42500000000000004,0.0
type2_baseline,2026-03-31,MYM,2,-693.75,-277.5,-346.875,-1.3875000000000002,0.0
type2_baseline,2026-04-01,MCL,1,-539.9999999999991,-1.0799999999999983,-539.9999999999991,-1.079999999999998,0.0
type2_baseline,2026-04-02,MNQ,1,-232.5,-23.25,-232.5,-0.46499999999999997,0.0
